,Unnamed: 0,ITEM_CODE,MANUFACTURE,PRODUCT_TYPE,MODEL,VARIANT,EX_SHOWROOM_PRICE,CC,SEATING_CAPACITY,FUEL,TONNAGE,SEGMENT,STATE_DESC,STATE_CODE,UNIQUE_ID,IBB_CODE,IIB_TAC_CODE,BODY_TYPE,CREATED_BY,CREATED_ON,LAST_MODIFIED_BY,LAST_MODIFIED_ON
0,17284,HER001,HERO HONDA,FTW,CBM,DISC SELF(RED WHEELS),58325,150,2,P,,TW,ALL,ALL,,,,,Admin,2018-09-08 21:54:30.343,,
1,17285,HER001,HERO HONDA,FTW,HUNK,DSS( RED WHEELS),57538,150,2,P,,TW,ALL,ALL,,,,,Admin,2018-09-08 21:54:30.347,,
2,17286,HER001,HERO HONDA,FTW,CDDLX,DRUM KICK SPOKE,36673,100,2,P,,TW,ALL,ALL,,,,,Admin,2018-09-08 21:54:30.347,,
3,17287,HER001,HERO HONDA,FTW,CDDLX,DRUM KICK CAST,37884,100,2,P,,TW,ALL,ALL,,,,,Admin,2018-09-08 21:54:30.347,,
4,17288,HER001,HERO HONDA,FTW,CDDLX,SELF SPOKE,38792,100,2,P,,TW,ALL,ALL,,,,,Admin,2018-09-08 21:54:30.347,,
5,17289,HER001,HERO HONDA,FTW,SPLENDORPRO,SELF SPOK (N),43433,98,2,P,,TW,ALL,ALL,,,,,Admin,2018-09-08 21:54:30.347,,
6,17290,HER001,HERO HONDA,FTW,SPLENDORPRO,KICK SPO (N),41415,98,2,P,,TW,ALL,ALL,,,,,Admin,2018-09-08 21:54:30.347,,
7,17291,HER001,HERO HONDA,FTW,SPLENDORPRO,KICK CAST (N),42424,98,2,P,,TW,ALL,ALL,,,,,Admin,2018-09-08 21:54:30.347,,
8,17292,HER001,HERO HONDA,FTW,SPLENDORPRO,KICK PRO (N),41000,98,2,P,,TW,ALL,ALL,,,,,Admin,2018-09-08 21:54:30.347,,
9,17293,HER001,HERO HONDA,FTW,SPLENDOR,SPLENDOR + DRUM,40650,97,2,P,,TW,ALL,ALL,,,,,Admin,2018-09-08 21:54:30.347,,
10,17294,HER326,HERO MOTOR CORP,FTW,ACHIVER,150 DS,62800,149,2,P,,TW,ALL,ALL,,,,,Admin,2018-09-08 21:54:30.350,,
11,17295,HER236,HERO MOTOR CORP,FTW,PASSION,X PRO DRUM KICK CAST,52025,110,2,P,,TW,ALL,ALL,,,,,Admin,2018-09-08 21:54:30.350,,
12,17296,HER236,HERO MOTOR CORP,FTW,PASSION,X PRO DRUM SELF SPOKE,53025,110,2,P,,TW,ALL,ALL,,,,,Admin,2018-09-08 21:54:30.350,,
13,17297,HER236,HERO MOTOR CORP,FTW,PASSION,X PRO DRUM SELF CAST,54125,110,2,P,,TW,ALL,ALL,,,,,Admin,2018-09-08 21:54:30.350,,
14,17298,HER236,HERO MOTOR CORP,FTW,PASSION,X PRO DRUM DISC SELF,52297,110,2,P,,TW,ALL,ALL,,,,,Admin,2018-09-08 21:54:30.350,,
15,17299,HER236,HERO MOTOR CORP,FTW,XTREME,Disk Self,68200,150,2,P,,TW,ALL,ALL,,,,,Admin,2018-09-08 21:54:30.350,,
16,17300,HER236,HERO MOTOR CORP,FTW,XTREME,Rear Disk,73929,150,2,P,,TW,ALL,ALL,,,,,Admin,2018-09-08 21:54:30.350,,
17,17301,HER327,HERO MOTOR CORP,FTW,PASSIONPRO,TR,56278,97,2,P,,TW,ALL,ALL,,,,,Admin,2018-09-08 21:54:30.350,,
18,17302,HER314,HERO MOTOR CORP,FTW,MAESTRO,EDGE VX DRS,50399,110,2,P,,TW,ALL,ALL,,,,,Admin,2018-09-08 21:54:30.350,,
19,17303,HER315,HERO MOTOR CORP,FTW,MAESTRO,EDGE LX DRS,44936,110,2,P,,TW,ALL,ALL,,,,,Admin,2018-09-08 21:54:30.350,,
20,17304,HER316,HERO MOTOR CORP,FTW,DUET,LX,47000,110,2,P,,TW,ALL,ALL,,,,,Admin,2018-09-08 21:54:30.353,,
21,17305,HER317,HERO MOTOR CORP,FTW,DUET,VX,48500,110,2,P,,TW,ALL,ALL,,,,,Admin,2018-09-08 21:54:30.353,,
22,17306,HER319,HERO MOTOR CORP,FTW,XTREME,SPORTS,69687,149,2,P,,TW,ALL,ALL,,,,,Admin,2018-09-08 21:54:30.353,,
23,17307,HER287,HERO MOTOR CORP,FTW,SPLENDOR,NXG SELF CAST,47378,100,2,P,,TW,ALL,ALL,,,,,Admin,2018-09-08 21:54:30.353,,
24,17308,HER289,HERO MOTOR CORP,FTW,SPLENDOR,PRO SELF CAST,49006,100,2,P,,TW,ALL,ALL,,,,,Admin,2018-09-08 21:54:30.353,,
25,17309,HER290,HERO MOTOR CORP,FTW,GLAMOUR,DRS,54976,125,2,P,,TW,ALL,ALL,,,,,Admin,2018-09-08 21:54:30.353,,
26,19623,HON250,HONDA MOTORS,FTW,SHINE,STD,49820,125,2,P,,HONDA,ALL,ALL,,,,,Admin,2018-09-08 21:54:30.440,,
27,19624,HON291,HONDA MOTORS,FTW,SHINE,CB SELF DRUM,58650,125,2,P,,HONDA,ALL,ALL,,,,,Admin,2018-09-08 21:54:30.453,,
28,19625,HON306,HONDA MOTORS,FTW,CBTWISTER,SELF DISC ALLOY,57288,110,2,P,,HONDA,ALL,ALL,,,,,Admin,2018-09-08 21:54:30.460,,
29,19626,HON318,HONDA MOTORS,FTW,DREAM NEO,SPOKE DRUM ALLOY,49853,110,2,P,,HONDA,ALL,ALL,,,,,Admin,2018-09-08 21:54:30.467,,
30,19627,HON468,HONDA MOTORS,FTW,CLICK,150 I,89900,150,2,P,,HONDA,ALL,ALL,,,,,Admin,2018-09-08 21:54:30.467,,
31,25243,HER291,HERO MOTOR CORP,FTW,GLAMOUR,DSS,56976,125,2,P,,TW,ALL,ALL,,,,,Admin,2018-09-08 21:54:30.353,,
32,25244,HER273,HERO MOTOR CORP,FTW,SUPERSPLENDER,ALLOY SELF,51150,125,2,P,,TW,ALL,ALL,,,,,Admin,2018-09-08 21:54:30.353,,
33,25245,HER274,HERO MOTOR CORP,FTW,SUPERSPLENDER,SPOKE SELF,49224,125,2,P,,TW,ALL,ALL,,,,,Admin,2018-09-08 21:54:30.353,,
34,25246,HER279,HERO MOTOR CORP,FTW,PASSION,X PRO DRUM KICK SPOKE,51125,110,2,P,,TW,ALL,ALL,,,,,Admin,2018-09-08 21:54:30.357,,
35,25247,HER280,HERO MOTOR CORP,FTW,GLAMOUR,ALLOY DISC,55523,125,2,P,,TW,ALL,ALL,,,,,Admin,2018-09-08 21:54:30.357,,
36,26713,HER281,HERO MOTOR CORP,FTW,GLAMOUR,ALLOY DRUM,53525,125,2,P,,TW,ALL,ALL,,,,,Admin,2018-09-08 21:54:30.357,,
37,26714,HER282,HERO MOTOR CORP,FTW,KARIZAMA,R,80100,225,2,P,,TW,ALL,ALL,,,,,Admin,2018-09-08 21:54:30.357,,
38,26715,HER283,HERO MOTOR CORP,FTW,PLEASURE,SELF START,43100,102,2,P,,TW,ALL,ALL,,,,,Admin,2018-09-08 21:54:30.357,,
39,26716,HER255,HERO MOTOR CORP,FTW,XTREME,REAR DRUM,70829,150,2,P,,TW,ALL,ALL,,,,,Admin,2018-09-08 21:54:30.357,,
40,26717,HER294,HERO MOTOR CORP,FTW,PASSION,PRO KS,46850,98,2,P,,TW,ALL,ALL,,,,,Admin,2018-09-08 21:54:30.357,,
41,26718,HER295,HERO MOTOR CORP,FTW,PASSION,PRO ES,47850,98,2,P,,TW,ALL,ALL,,,,,Admin,2018-09-08 21:54:30.357,,
42,26719,HER296,HERO MOTOR CORP,FTW,PASSION,PRO ES DRUM BRAKE,48700,98,2,P,,TW,ALL,ALL,,,,,Admin,2018-09-08 21:54:30.360,,
43,26720,HER297,HERO MOTOR CORP,FTW,PASSION,PRO ES DISC BRAKE,50550,98,2,P,,TW,ALL,ALL,,,,,Admin,2018-09-08 21:54:30.360,,
44,26721,HER298,HERO MOTOR CORP,FTW,PASSION,PRO TR,51550,98,2,P,,TW,ALL,ALL,,,,,Admin,2018-09-08 21:54:30.360,,
45,26722,HER292,HERO MOTOR CORP,FTW,MAESTRO,STD,50313,109,2,P,,TW,ALL,ALL,,,,,Admin,2018-09-08 21:54:30.360,,
46,26723,HER001,HERO MOTOR CORP,FTW,IGNITOR,125 CC,57900,125,2,P,,TW,ALL,ALL,,,,,Admin,2018-09-08 21:54:30.360,,
47,26724,HER001,HERO MOTOR CORP,FTW,IMPULSE,STD,72669,150,2,P,,TW,ALL,ALL,,,,,Admin,2018-09-08 21:54:30.360,,
48,26725,HER258,HERO MOTOR CORP,FTW,HF DLX,CAST SELF,47118,100,2,P,,TW,ALL,ALL,,,,,Admin,2018-09-08 21:54:30.360,,
49,26726,HER257,HERO MOTOR CORP,FTW,CBZ,XTREME,70774,156,2,P,,TW,ALL,ALL,,,,,Admin,2018-09-08 21:54:30.360,,
50,26727,HER260,HERO MOTOR CORP,FTW,HF DLX,ALLOY KICK START,43000,97,2,P,,TW,ALL,ALL,,,,,Admin,2018-09-08 21:54:30.360,,
51,26728,HER261,HERO MOTOR CORP,FTW,HF DLX,ALLOY SELF START,43064,97,2,P,,TW,ALL,ALL,,,,,Admin,2018-09-08 21:54:30.360,,
52,26729,HER262,HERO MOTOR CORP,FTW,HF DLX,SPOKE SELF START,42100,97,2,P,,TW,ALL,ALL,,,,,Admin,2018-09-08 21:54:30.360,,
53,26730,HER263,HERO MOTOR CORP,FTW,HF DLX,SPOKE KICK START,39750,97,2,P,,TW,ALL,ALL,,,,,Admin,2018-09-08 21:54:30.363,,
54,26731,HER264,HERO MOTOR CORP,FTW,HF DLX,ECO,50500,97,2,P,,TW,ALL,ALL,,,,,Admin,2018-09-08 21:54:30.363,,
55,26732,HER286,HERO MOTOR CORP,FTW,HF DLX,DRS CCR,43756,100,2,P,,TW,ALL,ALL,,,,,Admin,2018-09-08 21:54:30.363,,
56,26733,HER285,HERO MOTOR CORP,FTW,XTREME,DDS CCR,81000,149,2,P,,TW,ALL,ALL,,,,,Admin,2018-09-08 21:54:30.363,,
57,26734,HER245,HERO MOTOR CORP,FTW,HF DLX,DRUM SELF SPOKE,42187,100,2,P,,TW,ALL,ALL,,,,,Admin,2018-09-08 21:54:30.363,,
58,26735,HER247,HERO MOTOR CORP,FTW,PASSION,X-Pro DRS,54710,110,2,P,,TW,ALL,ALL,,,,,Admin,2018-09-08 21:54:30.363,,
59,26736,HER248,HERO MOTOR CORP,FTW,IGNITOR,DRS,59336,125,2,P,,TW,ALL,ALL,,,,,Admin,2018-09-08 21:54:30.363,,
60,26737,HER249,HERO MOTOR CORP,FTW,IGNITOR,DSS,61372,125,2,P,,TW,ALL,ALL,,,,,Admin,2018-09-08 21:54:30.363,,
61,26738,HER250,HERO MOTOR CORP,FTW,CDDELUXE,SPOKE,39000,100,2,P,,TW,ALL,ALL,,,,,Admin,2018-09-08 21:54:30.367,,
62,26739,HER251,HERO MOTOR CORP,FTW,CDDELUXE,CAST,40750,100,2,P,,TW,ALL,ALL,,,,,Admin,2018-09-08 21:54:30.367,,
63,26740,HER252,HERO MOTOR CORP,FTW,CDDELUXE,CAST SELF,42250,100,2,P,,TW,ALL,ALL,,,,,Admin,2018-09-08 21:54:30.367,,
64,26741,HER253,HERO MOTOR CORP,FTW,CBZ,XTREME DSS,67326,150,2,P,,TW,ALL,ALL,,,,,Admin,2018-09-08 21:54:30.367,,
65,26742,HER254,HERO MOTOR CORP,FTW,CBZ,XTREME DDS,70275,150,2,P,,TW,ALL,ALL,,,,,Admin,2018-09-08 21:54:30.367,,
66,26743,HER246,HERO MOTOR CORP,FTW,PASSION,X-Pro DSS,51800,110,2,P,,TW,ALL,ALL,,,,,Admin,2018-09-08 21:54:30.367,,
67,26744,HER256,HERO MOTOR CORP,FTW,GLAMOUR,DRUM SELF,55087,125,2,P,,TW,ALL,ALL,,,,,Admin,2018-09-08 21:54:30.367,,
68,26745,HER265,HERO MOTOR CORP,FTW,HUNK,DISC,70125,150,2,P,,TW,ALL,ALL,,,,,Admin,2018-09-08 21:54:30.370,,
69,26746,HER266,HERO MOTOR CORP,FTW,HUNK,DRUM,67125,150,2,P,,TW,ALL,ALL,,,,,Admin,2018-09-08 21:54:30.370,,
70,26747,HER260,HERO MOTOR CORP,FTW,HF DLX,ALLOY KICK,43000,100,2,P,,TW,ALL,ALL,,,,,Admin,2018-09-08 21:54:30.370,,
71,26748,HER261,HERO MOTOR CORP,FTW,HF DLX,ALLOY SELF,43064,100,2,P,,TW,ALL,ALL,,,,,Admin,2018-09-08 21:54:30.370,,
72,26749,BAJ729,BAJAJ,FTW,DOMINAR 400,STANDARD,137340,373,2,P,,TW,ALL,ALL,,,,,Admin,2018-09-08 21:54:30.277,,
73,26750,HER262,HERO MOTOR CORP,FTW,HF DLX,SPOKE SELF,43550,100,2,P,,TW,ALL,ALL,,,,,Admin,2018-09-08 21:54:30.370,,
74,26751,HON255,HONDA MOTORS,FTW,ETERNO,STD,45580,148,2,P,,HONDA,ALL,ALL,,,,,Admin,2018-09-08 21:54:30.443,,
75,26752,HON257,HONDA MOTORS,FTW,TWISTER,SS,47095,110,2,P,,HONDA,ALL,ALL,,,,,Admin,2018-09-08 21:54:30.443,,
76,26753,HON260,HONDA MOTORS,FTW,ACTIVA,DLX,51444,102,2,P,,HONDA,ALL,ALL,,,,,Admin,2018-09-08 21:54:30.443,,
77,26754,HON262,HONDA MOTORS,FTW,UNICORN,STD,64245,150,2,P,,HONDA,ALL,ALL,,,,,Admin,2018-09-08 21:54:30.443,,
78,26755,HON263,HONDA MOTORS,FTW,STUNNER,STD,54097,125,2,P,,HONDA,ALL,ALL,,,,,Admin,2018-09-08 21:54:30.443,,
79,26756,HON264,HONDA MOTORS,FTW,TWISTER,DISC,51698,110,2,P,,HONDA,ALL,ALL,,,,,Admin,2018-09-08 21:54:30.443,,
80,26757,HON265,HONDA MOTORS,FTW,SHINE,ETERNO,36160,150,2,P,,HONDA,ALL,ALL,,,,,Admin,2018-09-08 21:54:30.443,,
81,26758,HON266,HONDA MOTORS,FTW,AVIATOR,DRUM,54135,102,2,P,,HONDA,ALL,ALL,,,,,Admin,2018-09-08 21:54:30.447,,
82,26759,HON267,HONDA MOTORS,FTW,AVIATOR,DISC,59627,102,2,P,,HONDA,ALL,ALL,,,,,Admin,2018-09-08 21:54:30.447,,
83,26760,HON269,HONDA MOTORS,FTW,CBR250R,STD,164554,250,2,P,,HONDA,ALL,ALL,,,,,Admin,2018-09-08 21:54:30.447,,
84,26761,HON270,HONDA MOTORS,FTW,CBR250R,ABS,194727,250,2,P,,HONDA,ALL,ALL,,,,,Admin,2018-09-08 21:54:30.447,,
85,26762,HON271,HONDA MOTORS,FTW,DIO,KICK-DRUM,35361,124,2,P,,HONDA,ALL,ALL,,,,,Admin,2018-09-08 21:54:30.447,,
86,26763,HER263,HERO MOTOR CORP,FTW,HF DLX,SPOKE KICK,39750,100,2,P,,TW,ALL,ALL,,,,,Admin,2018-09-08 21:54:30.370,,
87,26764,HER257,HERO MOTOR CORP,FTW,HF DAWN,KS,40070,100,2,P,,TW,ALL,ALL,,,,,Admin,2018-09-08 21:54:30.370,,
88,26765,HER230,HERO MOTOR CORP,FTW,CDDAWN,STD.,39970,100,2,P,,TW,ALL,ALL,,,,,Admin,2018-09-08 21:54:30.370,,
89,26766,HER231,HERO MOTOR CORP,FTW,CDDELUXE,STD,50000,100,2,P,,TW,ALL,ALL,,,,,Admin,2018-09-08 21:54:30.370,,
90,26767,HER235,HERO MOTOR CORP,FTW,SUPERSPLENDER,STD,53026,125,2,P,,TW,ALL,ALL,,,,,Admin,2018-09-08 21:54:30.370,,
91,26768,HER236,HERO MOTOR CORP,FTW,PASSION,PRO,52400,100,2,P,,TW,ALL,ALL,,,,,Admin,2018-09-08 21:54:30.370,,
92,26769,HER237,HERO MOTOR CORP,FTW,GLAMOUR,STD,53386,125,2,P,,TW,ALL,ALL,,,,,Admin,2018-09-08 21:54:30.370,,
93,26770,HER238,HERO MOTOR CORP,FTW,GLAMOUR,FI STD,64527,125,2,P,,TW,ALL,ALL,,,,,Admin,2018-09-08 21:54:30.373,,
94,26771,HER239,HERO MOTOR CORP,FTW,ACHIVER,STD,60100,150,2,P,,TW,ALL,ALL,,,,,Admin,2018-09-08 21:54:30.373,,
95,26772,HER240,HERO MOTOR CORP,FTW,CBZ,STD,70278,150,2,P,,TW,ALL,ALL,,,,,Admin,2018-09-08 21:54:30.373,,
96,26773,HER241,HERO MOTOR CORP,FTW,PLEASURE,STD,44986,100,2,P,,TW,ALL,ALL,,,,,Admin,2018-09-08 21:54:30.373,,
97,26774,HER242,HERO MOTOR CORP,FTW,HUNK,STD,71244,150,2,P,,TW,ALL,ALL,,,,,Admin,2018-09-08 21:54:30.373,,
98,26775,HER243,HERO MOTOR CORP,FTW,KARIZAMA,STD,80040,225,2,P,,TW,ALL,ALL,,,,,Admin,2018-09-08 21:54:30.373,,
99,26776,HER244,HERO MOTOR CORP,FTW,KARIZAMA,ZMR,107100,225,2,P,,TW,ALL,ALL,,,,,Admin,2018-09-08 21:54:30.373,,
100,26777,HER341,HERO MOTOR CORP,FTW,MAESTRO,EDGE ZX DRS,41919,110,2,P,,TW,ALL,ALL,,,,,Admin,2018-09-08 21:54:30.373,,
101,26778,BAJ730,BAJAJ,FTW,DOMINAR 400,ABS,151199,373,2,P,,TW,ALL,ALL,,,,,Admin,2018-09-08 21:54:30.280,,
102,26779,BAJ683,BAJAJ,FTW,DISCOVER,150 F DISC,63292,150,2,P,,TW,ALL,ALL,,,,,Admin,2018-09-08 21:54:30.280,,
103,26780,BAJ682,BAJAJ,FTW,DISCOVER,150 F DRUM,60473,150,2,P,,TW,ALL,ALL,,,,,Admin,2018-09-08 21:54:30.280,,
104,26781,BAJ136,BAJAJ,FTW,XCD,XCD-ES W/O SG/LG,41964,125,2,P,,TW,ALL,ALL,,,,,Admin,2018-09-08 21:54:30.280,,
105,26782,BAJ688,BAJAJ,FTW,PLATINA,100 CC ES,46203,100,2,P,,TW,ALL,ALL,,,,,Admin,2018-09-08 21:54:30.280,,
106,26783,BAJ687,BAJAJ,FTW,PULSAR,150 CC ES,71677,150,2,P,,TW,ALL,ALL,,,,,Admin,2018-09-08 21:54:30.280,,
107,26784,BAJ136,BAJAJ,FTW,PULSAR,150 CC,77133,150,2,P,,TW,ALL,ALL,,,,,Admin,2018-09-08 21:54:30.280,,
108,26785,BAJ138,BAJAJ,FTW,XCD,DRUM 135 CC,45580,135,2,P,,TW,ALL,ALL,,,,,Admin,2018-09-08 21:54:30.280,,
109,26786,BAJ139,BAJAJ,FTW,PULSAR,200 CC,64660,200,2,P,,TW,ALL,ALL,,,,,Admin,2018-09-08 21:54:30.280,,
110,26787,BAJ140,BAJAJ,FTW,PULSAR,220 CC,79277,220,2,P,,TW,ALL,ALL,,,,,Admin,2018-09-08 21:54:30.280,,
111,26788,BAJ141,BAJAJ,FTW,DISCOVER,100 CC,43460,100,2,P,,TW,ALL,ALL,,,,,Admin,2018-09-08 21:54:30.280,,
112,26789,BAJ142,BAJAJ,FTW,DISCOVER,125 CC,44520,125,2,P,,TW,ALL,ALL,,,,,Admin,2018-09-08 21:54:30.280,,
113,26790,BAJ143,BAJAJ,FTW,AVENGER,200 CC,68900,200,2,P,,TW,ALL,ALL,,,,,Admin,2018-09-08 21:54:30.283,,
114,26791,BAJ144,BAJAJ,FTW,PULSAR,180 CC,80724,180,2,P,,TW,ALL,ALL,,,,,Admin,2018-09-08 21:54:30.283,,
115,26792,BAJ145,BAJAJ,FTW,DISCOVER,DRUM 135 CC,48760,135,2,P,,TW,ALL,ALL,,,,,Admin,2018-09-08 21:54:30.283,,
116,26793,BAJ146,BAJAJ,FTW,DISCOVER,DISC 135 CC,50880,135,2,P,,TW,ALL,ALL,,,,,Admin,2018-09-08 21:54:30.283,,
117,26794,BAJ147,BAJAJ,FTW,KRISTAL,STD,36040,100,2,P,,TW,ALL,ALL,,,,,Admin,2018-09-08 21:54:30.283,,
118,26795,BAJ148,BAJAJ,FTW,KRISTAL,DTSI,38160,100,2,P,,TW,ALL,ALL,,,,,Admin,2018-09-08 21:54:30.283,,
119,26796,BAJ149,BAJAJ,FTW,KRISTAL,ES,36570,95,2,P,,TW,ALL,ALL,,,,,Admin,2018-09-08 21:54:30.283,,
120,26797,BAJ150,BAJAJ,FTW,KRISTAL,GF 01,38160,95,2,P,,TW,ALL,ALL,,,,,Admin,2018-09-08 21:54:30.283,,
121,26798,BAJ136,BAJAJ,FTW,DISCOVER,150 CC,51312,150,2,P,,TW,ALL,ALL,,,,,Admin,2018-09-08 21:54:30.283,,
122,26799,BAJ136,BAJAJ,FTW,BOXER,AT,35000,99,2,P,,TW,ALL,ALL,,,,,Admin,2018-09-08 21:54:30.287,,
123,26800,BAJ674,BAJAJ,FTW,DISCOVER,125 M DISC,56162,125,2,P,,TW,ALL,ALL,,,,,Admin,2018-09-08 21:54:30.287,,
124,26801,BAJ650,BAJAJ,FTW,DISCOVER,100 R DR ES,54983,100,2,P,,TW,ALL,ALL,,,,,Admin,2018-09-08 21:54:30.287,,
125,26802,BAJ651,BAJAJ,FTW,DISCOVER,100 T,56185,100,2,P,,TW,ALL,ALL,,,,,Admin,2018-09-08 21:54:30.287,,
126,26803,BAJ684,BAJAJ,FTW,DISCOVER,100 T DRUM,53102,100,2,P,,TW,ALL,ALL,,,,,Admin,2018-09-08 21:54:30.287,,
127,26804,BAJ136,BAJAJ,FTW,M 80,STD,25000,70,2,P,,TW,ALL,ALL,,,,,Admin,2018-09-08 21:54:30.287,,
128,26805,BAJ136,BAJAJ,FTW,CT,100,35000,97,2,P,,TW,ALL,ALL,,,,,Admin,2018-09-08 21:54:30.287,,
129,26806,BAJ137,BAJAJ,FTW,AVENGER,180CC,59500,180,2,P,,TW,ALL,ALL,,,,,Admin,2018-09-08 21:54:30.287,,
130,26807,BAJ136,BAJAJ,FTW,PLATINA,STD,45335,100,2,P,,TW,ALL,ALL,,,,,Admin,2018-09-08 21:54:30.287,,
131,26808,BAJ668,BAJAJ,FTW,DISCOVER,5G 100CC,50598,100,2,P,,TW,ALL,ALL,,,,,Admin,2018-09-08 21:54:30.290,,
132,26809,BAJ675,BAJAJ,FTW,PULSAR,200 4V R DISC,87491,200,2,P,,TW,ALL,ALL,,,,,Admin,2018-09-08 21:54:30.290,,
133,26810,HON293,HONDA MOTORS,FTW,CBTWISTER,SELF DRUM,51026,110,2,P,,HONDA,ALL,ALL,,,,,Admin,2018-09-08 21:54:30.457,,
134,26811,HON308,HONDA MOTORS,FTW,CBR150,STD,127330,150,2,P,,HONDA,ALL,ALL,,,,,Admin,2018-09-08 21:54:30.460,,
135,26812,HON338,HONDA MOTORS,FTW,ACTIVA,DISC 125,58196,125,2,P,,HONDA,ALL,ALL,,,,,Admin,2018-09-08 21:54:30.467,,
136,26813,HON469,HONDA MOTORS,FTW,DASH,STD,65200,110,2,P,,HONDA,ALL,ALL,,,,,Admin,2018-09-08 21:54:30.467,,
137,26814,BAJ680,BAJAJ,FTW,DISCOVER,150 F,62697,150,2,P,,TW,ALL,ALL,,,,,Admin,2018-09-08 21:54:30.290,,
138,26815,BAJ136,BAJAJ,FTW,DISCOVER,135 ES,54706,135,2,P,,TW,ALL,ALL,,,,,Admin,2018-09-08 21:54:30.290,,
139,26816,BAJ136,BAJAJ,FTW,DISCOVER,135 KS,50880,135,2,P,,TW,ALL,ALL,,,,,Admin,2018-09-08 21:54:30.290,,
140,26817,BAJ136,BAJAJ,FTW,PULSAR,135 CC,67982,135,2,P,,TW,ALL,ALL,,,,,Admin,2018-09-08 21:54:30.290,,
141,26818,BAJ001,BAJAJ,FTW,DISCOVER,H DISC 150,52000,150,2,P,,TW,ALL,ALL,,,,,Admin,2018-09-08 21:54:30.290,,
142,26819,BAJ001,BAJAJ,FTW,BOXER,BM 150,43100,150,2,P,,TW,ALL,ALL,,,,,Admin,2018-09-08 21:54:30.290,,
143,26820,BAJ672,BAJAJ,FTW,DISCOVER,125 M DRUM,53113,125,2,P,,TW,ALL,ALL,,,,,Admin,2018-09-08 21:54:30.290,,
144,26821,BAJ673,BAJAJ,FTW,DISCOVER,100 M DRUM,51077,100,2,P,,TW,ALL,ALL,,,,,Admin,2018-09-08 21:54:30.290,,
145,26822,BAJ678,BAJAJ,FTW,DISCOVER,150 S DISC,58844,150,2,P,,TW,ALL,ALL,,,,,Admin,2018-09-08 21:54:30.290,,
146,26823,BAJ679,BAJAJ,FTW,DISCOVER,150 S DRUM,55677,150,2,P,,TW,ALL,ALL,,,,,Admin,2018-09-08 21:54:30.293,,
147,26824,BAJ136,BAJAJ,FTW,PLATINA,100 CC,41732,100,2,P,,TW,ALL,ALL,,,,,Admin,2018-09-08 21:54:30.293,,
148,26825,BAJ136,BAJAJ,FTW,PLATINA,125 CC,43460,125,2,P,,TW,ALL,ALL,,,,,Admin,2018-09-08 21:54:30.293,,
149,26826,BAJ136,BAJAJ,FTW,XCD,125 CC ES,44520,125,2,P,,TW,ALL,ALL,,,,,Admin,2018-09-08 21:54:30.293,,
150,26827,BAJ136,BAJAJ,FTW,XCD,DISC 135 CC,47700,125,2,P,,TW,ALL,ALL,,,,,Admin,2018-09-08 21:54:30.293,,
151,26828,BAJ136,BAJAJ,FTW,PULSAR,150 CC UG,65197,150,2,P,,TW,ALL,ALL,,,,,Admin,2018-09-08 21:54:30.293,,
152,26829,BAJ136,BAJAJ,FTW,PULSAR,180 CC UG,73267,180,2,P,,TW,ALL,ALL,,,,,Admin,2018-09-08 21:54:30.293,,
153,26830,BAJ136,BAJAJ,FTW,PLATINA,ALLOY WHEELS,41213,100,2,P,,TW,ALL,ALL,,,,,Admin,2018-09-08 21:54:30.293,,
154,26831,BAJ136,BAJAJ,FTW,AVENGER,220 CC,89347,220,2,P,,TW,ALL,ALL,,,,,Admin,2018-09-08 21:54:30.293,,
155,26832,BAJ001,BAJAJ,FTW,BOXER,150 CC,42873,150,2,P,,TW,ALL,ALL,,,,,Admin,2018-09-08 21:54:30.297,,
156,26833,BAJ136,BAJAJ,FTW,DISCOVER,100CC ES,45145,100,2,P,,TW,ALL,ALL,,,,,Admin,2018-09-08 21:54:30.297,,
157,26834,BAJ136,BAJAJ,FTW,DISCOVER,100CC KS,42102,100,2,P,,TW,ALL,ALL,,,,,Admin,2018-09-08 21:54:30.297,,
158,26835,BAJ136,BAJAJ,FTW,DISCOVER,125 ES DRUM,52779,125,2,P,,TW,ALL,ALL,,,,,Admin,2018-09-08 21:54:30.297,,
159,26836,BAJ136,BAJAJ,FTW,DISCOVER,125 ES DISC,55018,125,2,P,,TW,ALL,ALL,,,,,Admin,2018-09-08 21:54:30.297,,
160,26837,BAJ136,BAJAJ,FTW,DISCOVER,100 ES SPOKE WH,42660,100,2,P,,TW,ALL,ALL,,,,,Admin,2018-09-08 21:54:30.297,,
161,26838,BAJ136,BAJAJ,FTW,DISCOVER,125 DRUM KS,44164,125,2,P,,TW,ALL,ALL,,,,,Admin,2018-09-08 21:54:30.297,,
162,26839,BAJ136,BAJAJ,FTW,DISCOVER,150 ES DISC,51312,150,2,P,,TW,ALL,ALL,,,,,Admin,2018-09-08 21:54:30.297,,
163,26840,BAJ136,BAJAJ,FTW,DISCOVER,100-KS SPOKE WH,40623,100,2,P,,TW,ALL,ALL,,,,,Admin,2018-09-08 21:54:30.297,,
164,26841,HON460,HONDA MOTORS,FTW,ACTIVA,ALLOY DRUM,65737,125,2,P,,HONDA,ALL,ALL,,,,,Admin,2018-09-08 21:54:30.470,,
165,26842,HON467,HONDA MOTORS,FTW,CLICK,125 I,87900,125,2,P,,HONDA,ALL,ALL,,,,,Admin,2018-09-08 21:54:30.467,,
166,26843,HON459,HONDA MOTORS,FTW,ACTIVA,4G,50730,110,2,P,,HONDA,ALL,ALL,,,,,Admin,2018-09-08 21:54:30.470,,
167,26844,HON461,HONDA MOTORS,FTW,CBUNICORN,160 3ID DISC,66556,160,2,P,,HONDA,ALL,ALL,,,,,Admin,2018-09-08 21:54:30.470,,
168,26845,HON458,HONDA MOTORS,FTW,CBUNICORN,DISC,78365,160,2,P,,HONDA,ALL,ALL,,,,,Admin,2018-09-08 21:54:30.470,,
169,26846,HON473,HONDA MOTORS,FTW,GRAZIA,STANDARD,59516,125,2,P,,HONDA,ALL,ALL,,,,,Admin,2018-09-08 21:54:30.470,,
170,26847,HON474,HONDA MOTORS,FTW,GRAZIA,STD ALLOY,61446,125,2,P,,HONDA,ALL,ALL,,,,,Admin,2018-09-08 21:54:30.470,,
171,26848,HON475,HONDA MOTORS,FTW,GRAZIA,DLX,63888,125,2,P,,HONDA,ALL,ALL,,,,,Admin,2018-09-08 21:54:30.470,,
172,26849,HON462,HONDA MOTORS,FTW,SHINE,SP DRUM BSIV,54354,125,2,P,,HONDA,ALL,ALL,,,,,Admin,2018-09-08 21:54:30.470,,
173,26850,HON463,HONDA MOTORS,FTW,SHINE,CB DRUM SELF BSIV,49935,109,2,P,,HONDA,ALL,ALL,,,,,Admin,2018-09-08 21:54:30.470,,
174,26851,HON464,HONDA MOTORS,FTW,LIVO,DRUM SELF BSIV,48626,125,2,P,,HONDA,ALL,ALL,,,,,Admin,2018-09-08 21:54:30.470,,
175,26852,HON465,HONDA MOTORS,FTW,ACTIVA,125 DRUM ALLOY BSIV,52752,125,2,P,,HONDA,ALL,ALL,,,,,Admin,2018-09-08 21:54:30.470,,
176,26853,HON476,HONDA MOTORS,FTW,AVIATOR,ALLOY BSIV,43025,102,2,P,,HONDA,ALL,ALL,,,,,Admin,2018-09-08 21:54:30.473,,
177,26854,HON121,HONDA SCOOTER,FTW,CBFSTUNNER,KICK-DRUM-ALLOY,48725,125,2,P,,HONDA,ALL,ALL,,,,,Admin,2018-09-08 21:54:30.473,,
178,26855,HON121,HONDA SCOOTER,FTW,CBFSTUNNER,SELF-DISC-ALLOY,52459,125,2,P,,HONDA,ALL,ALL,,,,,Admin,2018-09-08 21:54:30.473,,
179,26856,HON121,HONDA SCOOTER,FTW,CBFSTUNNER,SELF-DRUM-ALLOY,52504,125,2,P,,HONDA,ALL,ALL,,,,,Admin,2018-09-08 21:54:30.473,,
180,26857,HON121,HONDA SCOOTER,FTW,DIO,SCV 110,41058,110,2,P,,HONDA,ALL,ALL,,,,,Admin,2018-09-08 21:54:30.473,,
181,26858,HON121,HONDA SCOOTER,FTW,DREAMYUGA,KICK DRUM SPOKE,48544,109,2,P,,HONDA,ALL,ALL,,,,,Admin,2018-09-08 21:54:30.473,,
182,26859,HON121,HONDA SCOOTER,FTW,DREAMYUGA,KICK DRUM ALLOY,47500,109,2,P,,HONDA,ALL,ALL,,,,,Admin,2018-09-08 21:54:30.473,,
183,26860,HON121,HONDA SCOOTER,FTW,DREAMYUGA,SELF DRUM ALLOY,48088,109,2,P,,HONDA,ALL,ALL,,,,,Admin,2018-09-08 21:54:30.473,,
184,26861,HON121,HONDA SCOOTER,FTW,CBUNICORN,DAZZLER,66935,150,2,P,,HONDA,ALL,ALL,,,,,Admin,2018-09-08 21:54:30.473,,
185,26862,HON121,HONDA SCOOTER,FTW,DIO,DELUXE,42284,102,2,P,,HONDA,ALL,ALL,,,,,Admin,2018-09-08 21:54:30.477,,
186,26863,LML026,LML,FTW,STAR,ES GEARLESS,52203,150,2,P,,TW,ALL,ALL,,,,,Admin,2018-09-08 21:54:30.497,,
187,26864,LML027,LML,FTW,STAR,VIB GEARLESS,55986,150,2,P,,TW,ALL,ALL,,,,,Admin,2018-09-08 21:54:30.497,,
188,26865,LML028,LML,FTW,STAR,VIB DB GEARLESS,57448,150,2,P,,TW,ALL,ALL,,,,,Admin,2018-09-08 21:54:30.497,,
189,26866,LML029,LML,FTW,STAR EURO,200 KS,53730,200,2,P,,TW,ALL,ALL,,,,,Admin,2018-09-08 21:54:30.500,,
190,26867,LML030,LML,FTW,STAR EURO,200 ES,58191,200,2,P,,TW,ALL,ALL,,,,,Admin,2018-09-08 21:54:30.500,,
191,26868,LML031,LML,FTW,STAR EURO,200 VIB,59522,200,2,P,,TW,ALL,ALL,,,,,Admin,2018-09-08 21:54:30.500,,
192,26869,LML032,LML,FTW,STAR EURO,200 VIB DB,62186,200,2,P,,TW,ALL,ALL,,,,,Admin,2018-09-08 21:54:30.500,,
193,26870,LML001,LML,FTW,NV,LS 2S,54240,150,2,P,,TW,ALL,ALL,,,,,Admin,2018-09-08 21:54:30.500,,
194,26871,LML001,LML,FTW,NV,LS 4S,59169,150,2,P,,TW,ALL,ALL,,,,,Admin,2018-09-08 21:54:30.500,,
195,26872,LML017,LML,FTW,SELECT II,2S SELF,48000,150,2,P,,TW,ALL,ALL,,,,,Admin,2018-09-08 21:54:30.500,,
196,26873,LML001,LML,FTW,SELECT 4,2S KICK,53000,150,2,P,,TW,ALL,ALL,,,,,Admin,2018-09-08 21:54:30.500,,
197,26874,LML019,LML,FTW,SELECT 4,2S SELF,58000,150,2,P,,TW,ALL,ALL,,,,,Admin,2018-09-08 21:54:30.500,,
198,26875,LML016,LML,FTW,SELECT II,2S KICK,43000,150,2,P,,TW,ALL,ALL,,,,,Admin,2018-09-08 21:54:30.500,,
199,26876,LML001,LML,FTW,FREEDOM,DX,41000,110,2,P,,TW,ALL,ALL,,,,,Admin,2018-09-08 21:54:30.500,,
200,26877,LML001,LML,FTW,NVSPL,4S NEW GEN DLX,43604,148,2,P,,TW,ALL,ALL,,,,,Admin,2018-09-08 21:54:30.503,,
201,26878,LML001,LML,FTW,NVSPL,4S NEW GEN STD,42599,148,2,P,,TW,ALL,ALL,,,,,Admin,2018-09-08 21:54:30.503,,
202,26879,LML001,LML,FTW,NVSPL,2S NV SPL E.S.,42025,150,2,P,,TW,ALL,ALL,,,,,Admin,2018-09-08 21:54:30.503,,
203,26880,LML001,LML,FTW,NVSPL,2S NV SPL,38732,150,2,P,,TW,ALL,ALL,,,,,Admin,2018-09-08 21:54:30.503,,
204,26881,LML001,LML,FTW,NV,2S KICK,40596,150,2,P,,TW,ALL,ALL,,,,,Admin,2018-09-08 21:54:30.503,,
205,26882,LML001,LML,FTW,NV,2S SELF,44404,150,2,P,,TW,ALL,ALL,,,,,Admin,2018-09-08 21:54:30.503,,
206,26883,LML001,LML,FTW,NV,4S KICK,46365,150,2,P,,TW,ALL,ALL,,,,,Admin,2018-09-08 21:54:30.503,,
207,26884,LML001,LML,FTW,NV,4S SELF,50200,150,2,P,,TW,ALL,ALL,,,,,Admin,2018-09-08 21:54:30.503,,
208,26885,LML001,LML,FTW,SELECT,4 ES,53696,150,2,P,,TW,ALL,ALL,,,,,Admin,2018-09-08 21:54:30.503,,
209,26886,LML020,LML,FTW,FREEDOM,LS,49950,110,2,P,,TW,ALL,ALL,,,,,Admin,2018-09-08 21:54:30.507,,
210,26887,LML021,LML,FTW,STAR EURO,200 SELF,55500,200,2,P,,TW,ALL,ALL,,,,,Admin,2018-09-08 21:54:30.507,,
211,26888,LML022,LML,FTW,STAR EURO,150 ES,54250,150,2,P,,TW,ALL,ALL,,,,,Admin,2018-09-08 21:54:30.507,,
212,26889,MAH779,MAHINDRA,FTW,CENTURO,NXT,57500,110,2,P,,TW,ALL,ALL,,,,,Admin,2018-09-08 21:54:30.507,,
213,26890,MAH764,MAHINDRA,FTW,CENTURO,XT,49250,110,2,P,,TW,ALL,ALL,,,,,Admin,2018-09-08 21:54:30.507,,
214,26891,MAH783,MAHINDRA,FTW,CENTURO,DISC,52350,110,2,P,,TW,ALL,ALL,,,,,Admin,2018-09-08 21:54:30.507,,
215,26892,MAH805,MAHINDRA,FTW,MOJO,STD,158000,295,2,P,,TW,ALL,ALL,,,,,Admin,2018-09-08 21:54:30.507,,
216,26893,MAH200,MAHINDRA,FTW,RODEO,RZ,51339,125,2,P,,TW,ALL,ALL,,,,,Admin,2018-09-08 21:54:30.507,,
217,26894,MAH896,MAHINDRA,FTW,MOJO,300,163000,295,2,P,,TW,ALL,ALL,,,,,Admin,2018-09-08 21:54:30.510,,
218,26895,MAH897,MAHINDRA,FTW,MOJO,ABS,175000,295,2,P,,TW,ALL,ALL,,,,,Admin,2018-09-08 21:54:30.510,,
219,26896,MAH898,MAHINDRA,FTW,GUSTO,DX 125,51365,125,2,P,,TW,ALL,ALL,,,,,Admin,2018-09-08 21:54:30.510,,
220,26897,MAH899,MAHINDRA,FTW,GUSTO,VX 125,53680,125,2,P,,TW,ALL,ALL,,,,,Admin,2018-09-08 21:54:30.510,,
221,26898,MAH752,MAHINDRA,FTW,CENTURO,N1 DISC,50503,110,2,P,,TW,ALL,ALL,,,,,Admin,2018-09-08 21:54:30.510,,
222,26899,MAH736,MAHINDRA,FTW,GUSTO,DX,51365,110,2,P,,TW,ALL,ALL,,,,,Admin,2018-09-08 21:54:30.510,,
223,26900,MAH737,MAHINDRA,FTW,GUSTO,VX,50400,110,2,P,,TW,ALL,ALL,,,,,Admin,2018-09-08 21:54:30.510,,
224,26901,MAH756,MAHINDRA,FTW,CENTURO,DB,53571,110,2,P,,TW,ALL,ALL,,,,,Admin,2018-09-08 21:54:30.510,,
225,26902,MAH719,MAHINDRA,FTW,RODEO,UZO,49740,125,2,P,,TW,ALL,ALL,,,,,Admin,2018-09-08 21:54:30.510,,
226,26903,MAH721,MAHINDRA,FTW,CENTURO,O3,34489,110,2,P,,TW,ALL,ALL,,,,,Admin,2018-09-08 21:54:30.510,,
227,26904,MAH570,MAHINDRA,FTW,PANTERO,V3,48491,110,2,P,,TW,ALL,ALL,,,,,Admin,2018-09-08 21:54:30.510,,
228,26905,MAH571,MAHINDRA,FTW,PANTERO,V4,48491,110,2,P,,TW,ALL,ALL,,,,,Admin,2018-09-08 21:54:30.513,,
229,26906,MAH755,MAHINDRA,FTW,GUSTO,HX,48400,110,2,P,,TW,ALL,ALL,,,,,Admin,2018-09-08 21:54:30.513,,
230,26907,MAH624,MAHINDRA,FTW,RODEO,BASE,46853,125,2,P,,TW,ALL,ALL,,,,,Admin,2018-09-08 21:54:30.513,,
231,26908,MAH001,MAHINDRA,FTW,STALLIO,V1,45650,110,2,P,,TW,ALL,ALL,,,,,Admin,2018-09-08 21:54:30.513,,
232,26909,MAH001,MAHINDRA,FTW,STALLIO,V2,42150,110,2,P,,TW,ALL,ALL,,,,,Admin,2018-09-08 21:54:30.513,,
233,26910,MAH660,MAHINDRA,FTW,CENTURO,O1,52500,110,2,P,,TW,ALL,ALL,,,,,Admin,2018-09-08 21:54:30.513,,
234,26911,MAH661,MAHINDRA,FTW,CENTURO,N1,49600,110,2,P,,TW,ALL,ALL,,,,,Admin,2018-09-08 21:54:30.513,,
235,26912,MAH662,MAHINDRA,FTW,PANTERO,T3,41123,110,2,P,,TW,ALL,ALL,,,,,Admin,2018-09-08 21:54:30.513,,
236,26913,MAH001,MAHINDRA,FTW,KINE,STD,35185,71,2,P,,TW,ALL,ALL,,,,,Admin,2018-09-08 21:54:30.517,,
237,26914,MAH808,MAHINDRA,FTW,FLYTE,STD,43917,125,2,P,,TW,ALL,ALL,,,,,Admin,2018-09-08 21:54:30.517,,
238,26915,MAH001,MAHINDRA,FTW,DURO,STD,41821,125,2,P,,TW,ALL,ALL,,,,,Admin,2018-09-08 21:54:30.517,,
239,26916,MAH001,MAHINDRA,FTW,RODEO,STD,49656,125,2,P,,TW,ALL,ALL,,,,,Admin,2018-09-08 21:54:30.517,,
240,26917,MAH569,MAHINDRA,FTW,PANTERO,V2,48491,110,2,P,,TW,ALL,ALL,,,,,Admin,2018-09-08 21:54:30.517,,
241,26918,MAH001,MAHINDRA,FTW,DURO,DZ 125,49383,125,2,P,,TW,ALL,ALL,,,,,Admin,2018-09-08 21:54:30.517,,
242,26919,MAH576,MAHINDRA,FTW,CENTURO,ROCKSTAR,46700,110,2,P,,TW,ALL,ALL,,,,,Admin,2018-09-08 21:54:30.517,,
243,26920,MAH649,MAHINDRA,FTW,CENTURO,110,48280,110,2,P,,TW,ALL,ALL,,,,,Admin,2018-09-08 21:54:30.517,,
244,26921,MAH647,MAHINDRA,FTW,PANTERO,T1,44833,110,2,P,,TW,ALL,ALL,,,,,Admin,2018-09-08 21:54:30.517,,
245,26922,MAH648,MAHINDRA,FTW,PANTERO,T2,43250,110,2,P,,TW,ALL,ALL,,,,,Admin,2018-09-08 21:54:30.520,,
246,26923,MAH678,MAHINDRA,FTW,PANTERO,T4,39747,110,2,P,,TW,ALL,ALL,,,,,Admin,2018-09-08 21:54:30.520,,
247,26924,MAH568,MAHINDRA,FTW,PANTERO,V1,48491,110,2,P,,TW,ALL,ALL,,,,,Admin,2018-09-08 21:54:30.520,,
248,26925,PIA058,PIAGGIO,FTW,VESPA,VXL ELEGANTE,88263,125,2,P,,TW,ALL,ALL,,,,,Admin,2018-09-08 21:54:30.520,,
249,26926,PIA067,PIAGGIO,FTW,APRILIA,SR 125,55000,124,2,P,,TW,ALL,ALL,,,,,Admin,2018-09-08 21:54:30.520,,
250,26927,PIA059,PIAGGIO,FTW,VESPA,VXL 150,84641,150,2,P,,TW,ALL,ALL,,,,,Admin,2018-09-08 21:54:30.520,,
251,26928,PIA060,PIAGGIO,FTW,VESPA,SXL 150,88696,150,2,P,,TW,ALL,ALL,,,,,Admin,2018-09-08 21:54:30.520,,
252,26929,PIA056,PIAGGIO,FTW,VESPA,VXL,79701,125,2,P,,TW,ALL,ALL,,,,,Admin,2018-09-08 21:54:30.520,,
253,26930,PIA057,PIAGGIO,FTW,VESPA,SXL,84433,125,2,P,,TW,ALL,ALL,,,,,Admin,2018-09-08 21:54:30.520,,
254,26931,PIA041,PIAGGIO,FTW,VESPA,125,60425,125,2,P,,TW,ALL,ALL,,,,,Admin,2018-09-08 21:54:30.520,,
255,26932,PIA052,PIAGGIO,FTW,VESPA,VX ELEGANTE,83669,125,2,P,,TW,ALL,ALL,,,,,Admin,2018-09-08 21:54:30.523,,
256,26933,PIA051,PIAGGIO,FTW,VESPA,VX SPL EDTN,75419,125,2,P,,TW,ALL,ALL,,,,,Admin,2018-09-08 21:54:30.523,,
257,26934,PIA010,PIAGGIO,FTW,VESPA,LX 125,71456,125,2,P,,TW,ALL,ALL,,,,,Admin,2018-09-08 21:54:30.523,,
258,26935,PIA043,PIAGGIO,FTW,VESPA,VX 125,75594,125,2,P,,TW,ALL,ALL,,,,,Admin,2018-09-08 21:54:30.523,,
259,26936,PIA049,PIAGGIO,FTW,VESPA,S,79891,125,2,P,,TW,ALL,ALL,,,,,Admin,2018-09-08 21:54:30.523,,
260,26937,PIA071,PIAGGIO,FTW,VESPA,VXL 150,98488,150,2,P,,TW,ALL,ALL,,,,,Admin,2018-09-08 21:54:30.523,,
261,26938,PIA072,PIAGGIO,FTW,VESPA,ELEGANTE 150,95300,150,2,P,,TW,ALL,ALL,,,,,Admin,2018-09-08 21:54:30.523,,
262,26939,PIA068,PIAGGIO,FTW,APRILIA,SR 150 RACE EDTN,75441,155,2,P,,TW,ALL,ALL,,,,,Admin,2018-09-08 21:54:30.523,,
263,26940,PIA066,PIAGGIO,FTW,APRILIA,SR 150,72349,155,2,P,,TW,ALL,ALL,,,,,Admin,2018-09-08 21:54:30.527,,
264,26941,ROY048,ROYAL ENFIELD,FTW,CLASSIC,DOM,200600,500,2,P,,TW,ALL,ALL,,,,,Admin,2018-09-08 21:54:30.527,,
265,26942,ROY049,ROYAL ENFIELD,FTW,HIMALAYAN,STD,163000,411,2,P,,TW,ALL,ALL,,,,,Admin,2018-09-08 21:54:30.527,,
266,26943,ROY001,ROYAL ENFIELD,FTW,CLASSIC,350 CC,129505,350,2,P,,TW,ALL,ALL,,,,,Admin,2018-09-08 21:54:30.527,,
267,26944,ROY050,ROYAL ENFIELD,FTW,HIMALAYAN,GRANITE 410,156706,411,2,P,,TW,ALL,ALL,,,,,Admin,2018-09-08 21:54:30.527,,
268,26945,ROY051,ROYAL ENFIELD,FTW,SQUADRON BLUE,STD,176002,499,2,P,,TW,ALL,ALL,,,,,Admin,2018-09-08 21:54:30.527,,
269,26946,ROY046,ROYAL ENFIELD,FTW,BULLET ELECTRA,350 UCE ES,104779,350,2,P,,TW,ALL,ALL,,,,,Admin,2018-09-08 21:54:30.527,,
270,26947,ROY035,ROYAL ENFIELD,FTW,BULLET,350 UCE,107870,346,2,P,,TW,ALL,ALL,,,,,Admin,2018-09-08 21:54:30.527,,
271,26948,ROY036,ROYAL ENFIELD,FTW,BULLET ELECTRA,350 UCE,120904,346,2,P,,TW,ALL,ALL,,,,,Admin,2018-09-08 21:54:30.527,,
272,26949,ROY037,ROYAL ENFIELD,FTW,BULLET,500 UCE,154297,499,2,P,,TW,ALL,ALL,,,,,Admin,2018-09-08 21:54:30.530,,
273,26950,ROY038,ROYAL ENFIELD,FTW,CLASSIC,350 UCE,128827,346,2,P,,TW,ALL,ALL,,,,,Admin,2018-09-08 21:54:30.530,,
274,26951,ROY039,ROYAL ENFIELD,FTW,CLASSIC,500 EFI UCE,165100,499,2,P,,TW,ALL,ALL,,,,,Admin,2018-09-08 21:54:30.530,,
275,26952,HER001,HERO HONDA,FTW,KARIZMA,ZMR,92759,223,2,P,,TW,ALL,ALL,,,,,Admin,2018-09-08 21:54:30.320,,
276,26953,HER001,HERO HONDA,FTW,GLAMOUR,DISK SELF CAST,48614,125,2,P,,TW,ALL,ALL,,,,,Admin,2018-09-08 21:54:30.343,,
277,26954,HER001,HERO HONDA,FTW,ACHIEVER,DISC SELF,53636,125,2,P,,TW,ALL,ALL,,,,,Admin,2018-09-08 21:54:30.343,,
278,26955,HON350,HONDA MOTORS,FTW,CBR250R,REP,163953,250,2,P,,HONDA,ALL,ALL,,,,,Admin,2018-09-08 21:54:30.440,,
279,26956,HON342,HONDA MOTORS,FTW,CD,110 DREAM,45055,109,2,P,,HONDA,ALL,ALL,,,,,Admin,2018-09-08 21:54:30.440,,
280,26957,HON316,HONDA MOTORS,FTW,DREAMYUGA,SELF DISC,50754,109,2,P,,HONDA,ALL,ALL,,,,,Admin,2018-09-08 21:54:30.440,,
281,26958,HON261,HONDA MOTORS,FTW,CBR150,DLX,128361,150,2,P,,HONDA,ALL,ALL,,,,,Admin,2018-09-08 21:54:30.440,,
282,26959,HON253,HONDA MOTORS,FTW,DREAMYUGA,SELF DRUM ALLOY,53942,109,2,P,,HONDA,ALL,ALL,,,,,Admin,2018-09-08 21:54:30.440,,
283,26960,HON287,HONDA MOTORS,FTW,NEWDIO,DLX 102CC,42000,102,2,P,,HONDA,ALL,ALL,,,,,Admin,2018-09-08 21:54:30.453,,
284,26961,HON288,HONDA MOTORS,FTW,AVIATOR,DRUM 110 CC,46544,109,2,P,,HONDA,ALL,ALL,,,,,Admin,2018-09-08 21:54:30.453,,
285,26962,HON289,HONDA MOTORS,FTW,AVIATOR,DISC 110 CC,51684,109,2,P,,HONDA,ALL,ALL,,,,,Admin,2018-09-08 21:54:30.453,,
286,26963,HON290,HONDA MOTORS,FTW,CBUNICORN,PREMIUM,67624,150,2,P,,HONDA,ALL,ALL,,,,,Admin,2018-09-08 21:54:30.453,,
287,26964,HON292,HONDA MOTORS,FTW,SHINE,CB SELF DISC,61545,125,2,P,,HONDA,ALL,ALL,,,,,Admin,2018-09-08 21:54:30.457,,
288,26965,HON302,HONDA MOTORS,FTW,CBUNICORN,DAZZLER 5ID,72973,149,2,P,,HONDA,ALL,ALL,,,,,Admin,2018-09-08 21:54:30.460,,
289,26966,HON303,HONDA MOTORS,FTW,CBUNICORN,DAZZLER 6ID,74001,149,2,P,,HONDA,ALL,ALL,,,,,Admin,2018-09-08 21:54:30.460,,
290,26967,HON304,HONDA MOTORS,FTW,SHINE,CB KICK DRUM,54125,125,2,P,,HONDA,ALL,ALL,,,,,Admin,2018-09-08 21:54:30.460,,
291,26968,HON305,HONDA MOTORS,FTW,CBTWISTER,KICK DRUM ALLOY,51200,110,2,P,,HONDA,ALL,ALL,,,,,Admin,2018-09-08 21:54:30.460,,
292,26969,HON307,HONDA MOTORS,FTW,CBTWISTER,SELF DRUM ALLOY,54117,110,2,P,,HONDA,ALL,ALL,,,,,Admin,2018-09-08 21:54:30.460,,
293,26970,HON312,HONDA MOTORS,FTW,DREAM NEO,KICK DRUM SPOKE,47659,110,2,P,,HONDA,ALL,ALL,,,,,Admin,2018-09-08 21:54:30.463,,
294,26971,HON313,HONDA MOTORS,FTW,DREAM NEO,KICK DRUM ALLOY,46000,110,2,P,,HONDA,ALL,ALL,,,,,Admin,2018-09-08 21:54:30.463,,
295,26972,HON314,HONDA MOTORS,FTW,DREAM NEO,SELF DRUM ALLOY,50367,110,2,P,,HONDA,ALL,ALL,,,,,Admin,2018-09-08 21:54:30.463,,
296,26973,HON315,HONDA MOTORS,FTW,ACTIVA,I,49861,109,2,P,,HONDA,ALL,ALL,,,,,Admin,2018-09-08 21:54:30.463,,
297,26974,HON337,HONDA MOTORS,FTW,ACTIVA,DRUM 125,52456,125,2,P,,HONDA,ALL,ALL,,,,,Admin,2018-09-08 21:54:30.467,,
298,26975,HON466,HONDA MOTORS,FTW,CLIQ,110,42999,110,2,P,,HONDA,ALL,ALL,,,,,Admin,2018-09-08 21:54:30.467,,
299,27159,BAJ136,BAJAJ,FTW,PLATINA,125 CC ES,40643,125,2,P,,TW,ALL,ALL,,,,,Admin,2018-09-08 21:54:30.300,,
300,27160,BAJ136,BAJAJ,FTW,PULSAR,135 LS,64869,135,2,P,,TW,ALL,ALL,,,,,Admin,2018-09-08 21:54:30.300,,
301,27161,BAJ136,BAJAJ,FTW,PULSAR,150 UG 4.5,69999,150,2,P,,TW,ALL,ALL,,,,,Admin,2018-09-08 21:54:30.300,,
302,27162,BAJ136,BAJAJ,FTW,PULSAR,220 S,75121,220,2,P,,TW,ALL,ALL,,,,,Admin,2018-09-08 21:54:30.300,,
303,27163,BAJ136,BAJAJ,FTW,PULSAR,220 SF,94470,220,2,P,,TW,ALL,ALL,,,,,Admin,2018-09-08 21:54:30.300,,
304,27164,BAJ136,BAJAJ,FTW,PULSAR,180 NEW DECALS,68394,180,2,P,,TW,ALL,ALL,,,,,Admin,2018-09-08 21:54:30.300,,
305,27165,BAJ136,BAJAJ,FTW,PULSAR,220 SF NEW DECALS,85681,220,2,P,,TW,ALL,ALL,,,,,Admin,2018-09-08 21:54:30.300,,
306,27166,BAJ136,BAJAJ,FTW,PULSAR,220 S- NEW DECALS,76235,220,2,P,,TW,ALL,ALL,,,,,Admin,2018-09-08 21:54:30.300,,
307,27167,BAJ657,BAJAJ,FTW,DISCOVER,125 T,53646,125,2,P,,TW,ALL,ALL,,,,,Admin,2018-09-08 21:54:30.300,,
308,27168,BAJ660,BAJAJ,FTW,DISCOVER,125 T DISC,57604,125,2,P,,TW,ALL,ALL,,,,,Admin,2018-09-08 21:54:30.300,,
309,27169,BAJ661,BAJAJ,FTW,DISCOVER,125 T DRUM,54552,125,2,P,,TW,ALL,ALL,,,,,Admin,2018-09-08 21:54:30.300,,
310,27170,BAJ666,BAJAJ,FTW,DISCOVER,100 M,51704,100,2,P,,TW,ALL,ALL,,,,,Admin,2018-09-08 21:54:30.300,,
311,27171,BAJ667,BAJAJ,FTW,DISCOVER,100 M DISC,55064,100,2,P,,TW,ALL,ALL,,,,,Admin,2018-09-08 21:54:30.300,,
312,27172,BAJ136,BAJAJ,FTW,PLATINA,SPOKE,41582,100,2,P,,TW,ALL,ALL,,,,,Admin,2018-09-08 21:54:30.303,,
313,27173,BAJ669,BAJAJ,FTW,DISCOVER,100 T DISC,58424,100,2,P,,TW,ALL,ALL,,,,,Admin,2018-09-08 21:54:30.303,,
314,27174,BAJ670,BAJAJ,FTW,DISCOVER,125 TX,60157,125,2,P,,TW,ALL,ALL,,,,,Admin,2018-09-08 21:54:30.303,,
315,27175,BAJ671,BAJAJ,FTW,DISCOVER,125 TXT,63514,125,2,P,,TW,ALL,ALL,,,,,Admin,2018-09-08 21:54:30.303,,
316,27176,BAJ734,BAJAJ,FTW,CT,100 ES ALLOY,41997,99,2,P,,TW,ALL,ALL,,,,,Admin,2018-09-08 21:54:30.303,,
317,27177,BAJ737,BAJAJ,FTW,PULSAR,NS 200 ABS,108000,200,2,P,,TW,ALL,ALL,,,,,Admin,2018-09-08 21:54:30.303,,
318,27178,BAJ732,BAJAJ,FTW,PULSAR,160 NS,79000,160,2,P,,TW,ALL,ALL,,,,,Admin,2018-09-08 21:54:30.303,,
319,27179,BAJ741,BAJAJ,FTW,DISCOVER,110,50550,110,2,P,,TW,ALL,ALL,,,,,Admin,2018-09-08 21:54:30.303,,
320,27180,BAJ747,BAJAJ,FTW,AVENGER,STREET 180,85990,180,2,P,,TW,ALL,ALL,,,,,Admin,2018-09-08 21:54:30.303,,
321,27181,DUC001,DUCATI,FTW,DIAVEL,CARBON RED,2555076,1198,2,P,,TW,ALL,ALL,,,,,Admin,2018-09-08 21:54:30.307,,
322,27182,HER334,HERO MOTOR CORP,FTW,HF DLX,i3s SELF START,56342,97,2,P,,TW,ALL,ALL,,,,,Admin,2018-09-08 21:54:30.377,,
323,27183,HON272,HONDA MOTORS,FTW,ETERNO,ACTIVA,37806,102,2,P,,HONDA,ALL,ALL,,,,,Admin,2018-09-08 21:54:30.447,,
324,27184,HON294,HONDA MOTORS,FTW,CBTWISTER,SELF DISC,54225,110,2,P,,HONDA,ALL,ALL,,,,,Admin,2018-09-08 21:54:30.457,,
325,27185,HON301,HONDA MOTORS,FTW,CBUNICORN,STD,70436,150,2,P,,HONDA,ALL,ALL,,,,,Admin,2018-09-08 21:54:30.460,,
326,27186,HON268,HONDA MOTORS,FTW,ETERNO,DELUXE,46110,148,2,P,,HONDA,ALL,ALL,,,,,Admin,2018-09-08 21:54:30.460,,
327,27187,HON309,HONDA MOTORS,FTW,CB TRIGGER,STD,72118,150,2,P,,HONDA,ALL,ALL,,,,,Admin,2018-09-08 21:54:30.463,,
328,27188,HON310,HONDA MOTORS,FTW,CB TRIGGER,DLX,75216,150,2,P,,HONDA,ALL,ALL,,,,,Admin,2018-09-08 21:54:30.463,,
329,27189,HON311,HONDA MOTORS,FTW,CB TRIGGER,CBS,81948,150,2,P,,HONDA,ALL,ALL,,,,,Admin,2018-09-08 21:54:30.463,,
330,27190,EKO001,EKO,FTW,COSMIC,I,35000,75,2,P,,TW,ALL,ALL,,,,,Admin,2018-09-08 21:54:30.307,,
331,27191,GLO001,GLOBAL,FTW,ROCK,100,19380,100,2,P,,TW,ALL,ALL,,,,,Admin,2018-09-08 21:54:30.307,,
332,27192,GLO001,GLOBAL,FTW,EXPRESSION,PLUS 125,41172,125,2,P,,TW,ALL,ALL,,,,,Admin,2018-09-08 21:54:30.307,,
333,27193,HAR002,HARLEY DAVIDSON,FTW,FXDF FAT BOB,DYNA,1303774,1585,2,P,,TW,ALL,ALL,,,,,Admin,2018-09-08 21:54:30.307,,
334,27194,HAR001,HARLEY DAVIDSON,FTW,883 SUPERLOW,SPORTSTER,569786,883,2,P,,TW,ALL,ALL,,,,,Admin,2018-09-08 21:54:30.307,,
335,27195,HAR001,HARLEY DAVIDSON,FTW,IRON 883,SPORTSTER,671734,883,2,P,,TW,ALL,ALL,,,,,Admin,2018-09-08 21:54:30.307,,
336,27196,HAR001,HARLEY DAVIDSON,FTW,XL883R ROADSTER,SPORTSTER,778369,1202,2,P,,TW,ALL,ALL,,,,,Admin,2018-09-08 21:54:30.307,,
337,27197,HAR001,HARLEY DAVIDSON,FTW,XL 1200X FORTY EIGHT,SPORTSTER,865111,1202,2,P,,TW,ALL,ALL,,,,,Admin,2018-09-08 21:54:30.307,,
338,27198,HAR001,HARLEY DAVIDSON,FTW,XL 1200N NIGHTSTER,SPORTSTER,1027650,1202,2,P,,TW,ALL,ALL,,,,,Admin,2018-09-08 21:54:30.310,,
339,27199,HAR001,HARLEY DAVIDSON,FTW,XR 1200X,SPORTSTER,1241991,1202,2,P,,TW,ALL,ALL,,,,,Admin,2018-09-08 21:54:30.310,,
340,27200,HAR001,HARLEY DAVIDSON,FTW,FXDB STREET BOB,DYNA,1027650,1585,2,P,,TW,ALL,ALL,,,,,Admin,2018-09-08 21:54:30.310,,
341,27201,HAR001,HARLEY DAVIDSON,FTW,FXDC DYNA SUPERGLIDE CUSTOM,DYNA,1195803,1585,2,P,,TW,ALL,ALL,,,,,Admin,2018-09-08 21:54:30.310,,
342,27202,HER335,HERO MOTOR CORP,FTW,PASSION,PRO i3s SELF DRUM ALLOY,55166,97,2,P,,TW,ALL,ALL,,,,,Admin,2018-09-08 21:54:30.377,,
343,27203,HER337,HERO MOTOR CORP,FTW,PASSION,PRO i3s SELF DISC ALLOY,57077,97,2,P,,TW,ALL,ALL,,,,,Admin,2018-09-08 21:54:30.377,,
344,27204,HER336,HERO MOTOR CORP,FTW,PASSION,PRO i3s SELF DRUM SPOKE,51307,97,2,P,,TW,ALL,ALL,,,,,Admin,2018-09-08 21:54:30.377,,
345,27205,HER340,HERO MOTOR CORP,FTW,HF DLX,BSIV DRS CAST,40947,100,2,P,,TW,ALL,ALL,,,,,Admin,2018-09-08 21:54:30.377,,
346,27206,HER320,HERO MOTOR CORP,FTW,SPLENDOR,PLUS CAST SS,43218,100,2,P,,TW,ALL,ALL,,,,,Admin,2018-09-08 21:54:30.377,,
347,27207,HER325,HERO MOTOR CORP,FTW,SPLENDOR,I SMART 110,53100,110,2,P,,TW,ALL,ALL,,,,,Admin,2018-09-08 21:54:30.377,,
348,27208,HER308,HERO MOTOR CORP,FTW,SPLENDOR,I SMART DSC,52008,98,2,P,,TW,ALL,ALL,,,,,Admin,2018-09-08 21:54:30.380,,
349,27209,HER287,HERO MOTOR CORP,FTW,SPLENDOR,NXG SELF CAST,47378,100,2,P,,TW,ALL,ALL,,,,,Admin,2018-09-08 21:54:30.380,,
350,27210,HER288,HERO MOTOR CORP,FTW,SPLENDOR,PLUS CAST,45288,100,2,P,,TW,ALL,ALL,,,,,Admin,2018-09-08 21:54:30.390,,
351,27211,HER289,HERO MOTOR CORP,FTW,SPLENDOR,PRO SELF CAST,49006,100,2,P,,TW,ALL,ALL,,,,,Admin,2018-09-08 21:54:30.390,,
352,27212,HER299,HERO MOTOR CORP,FTW,SPLENDOR,PRO CLASSIC,43100,97,2,P,,TW,ALL,ALL,,,,,Admin,2018-09-08 21:54:30.390,,
353,27213,HER267,HERO MOTOR CORP,FTW,SPLENDOR,PLUS SPOKE,44630,100,2,P,,TW,ALL,ALL,,,,,Admin,2018-09-08 21:54:30.390,,
354,27214,HER268,HERO MOTOR CORP,FTW,SPLENDOR,PLUS ALLOY,44750,100,2,P,,TW,ALL,ALL,,,,,Admin,2018-09-08 21:54:30.390,,
355,27215,HER269,HERO MOTOR CORP,FTW,SPLENDOR,PRO KICK SPOKE,44650,100,2,P,,TW,ALL,ALL,,,,,Admin,2018-09-08 21:54:30.390,,
356,27216,HER270,HERO MOTOR CORP,FTW,SPLENDOR,PRO KICK ALLOY,45650,100,2,P,,TW,ALL,ALL,,,,,Admin,2018-09-08 21:54:30.390,,
357,27217,HER271,HERO MOTOR CORP,FTW,SPLENDOR,PRO SELF SPOKE,46650,100,2,P,,TW,ALL,ALL,,,,,Admin,2018-09-08 21:54:30.390,,
358,27218,HER272,HERO MOTOR CORP,FTW,SPLENDOR,PRO SELF ALLOY,47650,100,2,P,,TW,ALL,ALL,,,,,Admin,2018-09-08 21:54:30.393,,
359,27219,HER275,HERO MOTOR CORP,FTW,SPLENDOR,NXG KICK SPOKE,46450,100,2,P,,TW,ALL,ALL,,,,,Admin,2018-09-08 21:54:30.393,,
360,27220,HER276,HERO MOTOR CORP,FTW,SPLENDOR,NXG SELF SPOKE,46360,100,2,P,,TW,ALL,ALL,,,,,Admin,2018-09-08 21:54:30.393,,
361,27221,HER277,HERO MOTOR CORP,FTW,SPLENDOR,NXG KICK ALLOY,44250,100,2,P,,TW,ALL,ALL,,,,,Admin,2018-09-08 21:54:30.393,,
362,27222,HER278,HERO MOTOR CORP,FTW,SPLENDOR,NXG SELF ALLOY,47886,100,2,P,,TW,ALL,ALL,,,,,Admin,2018-09-08 21:54:30.393,,
363,27223,HER259,HERO MOTOR CORP,FTW,SPLENDOR,I SMART,51907,125,2,P,,TW,ALL,ALL,,,,,Admin,2018-09-08 21:54:30.397,,
364,27224,HER232,HERO MOTOR CORP,FTW,SPLENDOR,PLUS,44927,100,2,P,,TW,ALL,ALL,,,,,Admin,2018-09-08 21:54:30.397,,
365,27225,HER233,HERO MOTOR CORP,FTW,SPLENDOR,PRO,48090,100,2,P,,TW,ALL,ALL,,,,,Admin,2018-09-08 21:54:30.397,,
366,27226,HER234,HERO MOTOR CORP,FTW,SPLENDOR,NXG,47886,100,2,P,,TW,ALL,ALL,,,,,Admin,2018-09-08 21:54:30.397,,
367,27227,HER338,HERO MOTOR CORP,FTW,SPLENDOR,PLUS BSIV DRS CAST,44091,100,2,P,,TW,ALL,ALL,,,,,Admin,2018-09-08 21:54:30.397,,
368,27228,HON433,HONDA MOTORS,FTW,SHINE,CB DX,61299,125,2,P,,HONDA,ALL,ALL,,,,,Admin,2018-09-08 21:54:30.467,,
369,27229,HON470,HONDA MOTORS,FTW,CLIQ,BSIV,42319,110,2,P,,HONDA,ALL,ALL,,,,,Admin,2018-09-08 21:54:30.470,,
370,27230,HON001,HONDA SCOOTER,FTW,DIO,SCV110FBC,47338,110,2,P,,HONDA,ALL,ALL,,,,,Admin,2018-09-08 21:54:30.487,,
371,27231,HON121,HONDA SCOOTER,FTW,ACTIVA,I,44725,109,2,P,,HONDA,ALL,ALL,,,,,Admin,2018-09-08 21:54:30.487,,
372,27232,HON121,HONDA SCOOTER,FTW,ACTIVA,DLX,49900,102,2,P,,HONDA,ALL,ALL,,,,,Admin,2018-09-08 21:54:30.487,,
373,27233,KAW002,KAWASAKI,FTW,NINJA,300,360289,249,2,P,,TW,ALL,ALL,,,,,Admin,2018-09-08 21:54:30.487,,
374,27234,KAW003,KAWASAKI,FTW,NINJA,650,548128,249,2,P,,TW,ALL,ALL,,,,,Admin,2018-09-08 21:54:30.490,,
375,27235,KAW001,KAWASAKI,FTW,NINJA,250R,289025,249,2,P,,TW,ALL,ALL,,,,,Admin,2018-09-08 21:54:30.490,,
376,27236,KIN011,KINETIC,FTW,ZINGKINE,80,32000,71,2,P,,TW,ALL,ALL,,,,,Admin,2018-09-08 21:54:30.490,,
377,27237,KIN011,KINETIC,FTW,ZINGKINE,80,32000,71,2,P,,TW,ALL,ALL,,,,,Admin,2018-09-08 21:54:30.490,,
378,27238,KIN116,KINETIC,FTW,ZINGKINE,80,32000,71,2,P,,TW,ALL,ALL,,,,,Admin,2018-09-08 21:54:30.490,,
379,27239,KIN001,KINETIC,FTW,FLYTE,STD,38771,125,2,P,,TW,ALL,ALL,,,,,Admin,2018-09-08 21:54:30.490,,
380,27240,KIN001,KINETIC,FTW,ZINGKINE,STD,29464,250,2,P,,TW,ALL,ALL,,,,,Admin,2018-09-08 21:54:30.490,,
381,27241,KIN001,KINETIC,FTW,4S,STD,38270,115,2,P,,TW,ALL,ALL,,,,,Admin,2018-09-08 21:54:30.490,,
382,27242,KIN001,KINETIC,FTW,NOVA,STD,38617,98,2,P,,TW,ALL,ALL,,,,,Admin,2018-09-08 21:54:30.490,,
383,27243,KIN001,KINETIC,FTW,BLAZE,STD,51641,165,2,P,,TW,ALL,ALL,,,,,Admin,2018-09-08 21:54:30.490,,
384,27244,KIN001,KINETIC,FTW,BLAZE,DISK,54774,165,2,P,,TW,ALL,ALL,,,,,Admin,2018-09-08 21:54:30.490,,
385,27245,KTM001,KTM,FTW,DUKE,200,148600,200,2,P,,TW,ALL,ALL,,,,,Admin,2018-09-08 21:54:30.493,,
386,27246,KTM002,KTM,FTW,DUKE,390,199482,390,2,P,,TW,ALL,ALL,,,,,Admin,2018-09-08 21:54:30.493,,
387,27247,KTM003,KTM,FTW,RC,200,173312,200,2,P,,TW,ALL,ALL,,,,,Admin,2018-09-08 21:54:30.493,,
388,27248,KTM004,KTM,FTW,RC,390,219445,390,2,P,,TW,ALL,ALL,,,,,Admin,2018-09-08 21:54:30.493,,
389,27249,KTM005,KTM,FTW,DUKE,250,153373,250,2,P,,TW,ALL,ALL,,,,,Admin,2018-09-08 21:54:30.493,,
390,27250,LML035,LML,FTW,FREEDOM,PRIMA,47000,125,2,P,,TW,ALL,ALL,,,,,Admin,2018-09-08 21:54:30.493,,
391,27251,LML036,LML,FTW,FREEDOM,PRIMA 110,41000,110,2,P,,TW,ALL,ALL,,,,,Admin,2018-09-08 21:54:30.493,,
392,27252,LML033,LML,FTW,STAR,XPRESS ES,52203,150,2,P,,TW,ALL,ALL,,,,,Admin,2018-09-08 21:54:30.497,,
393,27253,LML034,LML,FTW,STAR,XPRESS KS,51883,150,2,P,,TW,ALL,ALL,,,,,Admin,2018-09-08 21:54:30.497,,
394,27254,LML023,LML,FTW,STAR EURO,150 GEARED,50814,150,2,P,,TW,ALL,ALL,,,,,Admin,2018-09-08 21:54:30.497,,
395,27255,LML024,LML,FTW,STAR,4 KS GEARED,51883,150,2,P,,TW,ALL,ALL,,,,,Admin,2018-09-08 21:54:30.497,,
396,27256,LML025,LML,FTW,STAR,4 ES GEARED,55732,150,2,P,,TW,ALL,ALL,,,,,Admin,2018-09-08 21:54:30.497,,
397,27257,HAR001,HARLEY DAVIDSON,FTW,FLSTF FAT BOY,SOFTAIL,1516489,1690,2,P,,TW,ALL,ALL,,,,,Admin,2018-09-08 21:54:30.310,,
398,27406,HON121,HONDA SCOOTER,FTW,DIO,STD,43785,102,2,P,,HONDA,ALL,ALL,,,,,Admin,2018-09-08 21:54:30.477,,
399,27407,HON121,HONDA SCOOTER,FTW,SHINE,STD,49820,125,2,P,,HONDA,ALL,ALL,,,,,Admin,2018-09-08 21:54:30.477,,
400,27408,HON121,HONDA SCOOTER,FTW,ETERNO,STD,45580,148,2,P,,HONDA,ALL,ALL,,,,,Admin,2018-09-08 21:54:30.477,,
401,27409,HON121,HONDA SCOOTER,FTW,ETERNO,DELUXE,46110,148,2,P,,HONDA,ALL,ALL,,,,,Admin,2018-09-08 21:54:30.477,,
402,27410,HON121,HONDA SCOOTER,FTW,CBR150,DLX,122576,150,2,P,,HONDA,ALL,ALL,,,,,Admin,2018-09-08 21:54:30.477,,
403,27411,HON121,HONDA SCOOTER,FTW,TWISTER,KS,43970,110,2,P,,HONDA,ALL,ALL,,,,,Admin,2018-09-08 21:54:30.477,,
404,27412,HON121,HONDA SCOOTER,FTW,TWISTER,SS,47095,110,2,P,,HONDA,ALL,ALL,,,,,Admin,2018-09-08 21:54:30.477,,
405,27413,HON121,HONDA SCOOTER,FTW,TWISTER,DISC,50215,110,2,P,,HONDA,ALL,ALL,,,,,Admin,2018-09-08 21:54:30.477,,
406,27414,HON121,HONDA SCOOTER,FTW,STUNNER,CBF Fi,68682,125,2,P,,HONDA,ALL,ALL,,,,,Admin,2018-09-08 21:54:30.480,,
407,27415,HON121,HONDA SCOOTER,FTW,STUNNER,CBF KS,56180,125,2,P,,HONDA,ALL,ALL,,,,,Admin,2018-09-08 21:54:30.480,,
408,27416,HON121,HONDA SCOOTER,FTW,CB,UNICORN,67400,150,2,P,,HONDA,ALL,ALL,,,,,Admin,2018-09-08 21:54:30.480,,
409,27417,HON121,HONDA SCOOTER,FTW,CB,SHINE,51663,124,2,P,,HONDA,ALL,ALL,,,,,Admin,2018-09-08 21:54:30.480,,
410,27418,HON121,HONDA SCOOTER,FTW,CBR250R,STD,160067,250,2,P,,HONDA,ALL,ALL,,,,,Admin,2018-09-08 21:54:30.480,,
411,27419,HON121,HONDA SCOOTER,FTW,CBR250R,ABS,189520,250,2,P,,HONDA,ALL,ALL,,,,,Admin,2018-09-08 21:54:30.480,,
412,27420,HON121,HONDA SCOOTER,FTW,SHINE,SELF START,57600,149,2,P,,HONDA,ALL,ALL,,,,,Admin,2018-09-08 21:54:30.480,,
413,27421,HON121,HONDA SCOOTER,FTW,SHINE,SELF-DISC,52155,124,2,P,,HONDA,ALL,ALL,,,,,Admin,2018-09-08 21:54:30.480,,
414,27422,HON121,HONDA SCOOTER,FTW,SHINE,SELF-DRUM,51663,124,2,P,,HONDA,ALL,ALL,,,,,Admin,2018-09-08 21:54:30.480,,
415,27423,HON121,HONDA SCOOTER,FTW,SHINE,KICK-DISC,54762,124,2,P,,HONDA,ALL,ALL,,,,,Admin,2018-09-08 21:54:30.480,,
416,27424,HON121,HONDA SCOOTER,FTW,DIO,KICK-DRUM,35361,124,2,P,,HONDA,ALL,ALL,,,,,Admin,2018-09-08 21:54:30.480,,
417,27425,HON121,HONDA SCOOTER,FTW,ACTIVA,DIO,36869,102,2,P,,HONDA,ALL,ALL,,,,,Admin,2018-09-08 21:54:30.480,,
418,27426,HON121,HONDA SCOOTER,FTW,ETERNO,ACTIVA,37806,102,2,P,,HONDA,ALL,ALL,,,,,Admin,2018-09-08 21:54:30.483,,
419,27427,HON121,HONDA SCOOTER,FTW,SHINE,ETERNO,36160,150,2,P,,HONDA,ALL,ALL,,,,,Admin,2018-09-08 21:54:30.483,,
420,27428,HON121,HONDA SCOOTER,FTW,UNICORN,STD,64245,150,2,P,,HONDA,ALL,ALL,,,,,Admin,2018-09-08 21:54:30.483,,
421,27429,HON121,HONDA SCOOTER,FTW,ACTIVA,110 CC,53921,109,2,P,,HONDA,ALL,ALL,,,,,Admin,2018-09-08 21:54:30.483,,
422,27430,HON121,HONDA SCOOTER,FTW,AVIATOR,DRUM,48386,102,2,P,,HONDA,ALL,ALL,,,,,Admin,2018-09-08 21:54:30.483,,
423,27431,HON121,HONDA SCOOTER,FTW,AVIATOR,DISC,58319,102,2,P,,HONDA,ALL,ALL,,,,,Admin,2018-09-08 21:54:30.483,,
424,27432,HON121,HONDA SCOOTER,FTW,STUNNER,STD,54097,125,2,P,,HONDA,ALL,ALL,,,,,Admin,2018-09-08 21:54:30.483,,
425,27433,HON121,HONDA SCOOTER,FTW,STUNNER,CBF ES,58300,125,2,P,,HONDA,ALL,ALL,,,,,Admin,2018-09-08 21:54:30.483,,
426,27434,HON121,HONDA SCOOTER,FTW,STUNNER,CBF DBES,61433,125,2,P,,HONDA,ALL,ALL,,,,,Admin,2018-09-08 21:54:30.483,,
427,27435,HON121,HONDA SCOOTER,FTW,ACTIVA,DLX 110 CC,53921,109,2,P,,HONDA,ALL,ALL,,,,,Admin,2018-09-08 21:54:30.487,,
428,27436,HON121,HONDA SCOOTER,FTW,NEWDIO,DLX 102CC,42000,102,2,P,,HONDA,ALL,ALL,,,,,Admin,2018-09-08 21:54:30.487,,
429,27437,HON121,HONDA SCOOTER,FTW,AVIATOR,DRUM 110 CC,46544,109,2,P,,HONDA,ALL,ALL,,,,,Admin,2018-09-08 21:54:30.487,,
430,27438,HON121,HONDA SCOOTER,FTW,AVIATOR,DISC 110 CC,51684,109,2,P,,HONDA,ALL,ALL,,,,,Admin,2018-09-08 21:54:30.487,,
431,27439,AMP002,AMPERE,FTW,E-SCOOTER,V48,37800,75,2,B,,TW,ALL,ALL,,,,,Admin,2018-09-08 21:54:30.260,,
432,27440,AMP003,AMPERE,FTW,E-SCOOTER,MITRA 250,42500,75,2,B,,TW,ALL,ALL,,,,,Admin,2018-09-08 21:54:30.263,,
433,27441,AMP001,AMPERE,FTW,E-SCOOTER,V60,47919,75,2,B,,TW,ALL,ALL,,,,,Admin,2018-09-08 21:54:30.263,,
434,27442,BAJ705,BAJAJ,FTW,DISCOVER,125 KS DRUM,45735,125,2,P,,TW,ALL,ALL,,,,,Admin,2018-09-08 21:54:30.263,,
435,27443,BAJ706,BAJAJ,FTW,PULSAR,150 AS,80745,150,2,P,,TW,ALL,ALL,,,,,Admin,2018-09-08 21:54:30.263,,
436,27444,BAJ707,BAJAJ,FTW,PULSAR,200 AS,95551,200,2,P,,TW,ALL,ALL,,,,,Admin,2018-09-08 21:54:30.263,,
437,27445,BAJ708,BAJAJ,FTW,PULSAR,RS 200 NON ABS,122469,200,2,P,,TW,ALL,ALL,,,,,Admin,2018-09-08 21:54:30.263,,
438,27446,BAJ725,BAJAJ,FTW,V,V15,64943,150,2,P,,TW,ALL,ALL,,,,,Admin,2018-09-08 21:54:30.263,,
439,27447,BAJ136,BAJAJ,FTW,DISCOVER,4G 100 CC,49979,100,2,P,,TW,ALL,ALL,,,,,Admin,2018-09-08 21:54:30.263,,
440,27448,BAJ136,BAJAJ,FTW,DISCOVER,DTSI ES 125,47981,125,2,P,,TW,ALL,ALL,,,,,Admin,2018-09-08 21:54:30.267,,
441,27449,BAJ136,BAJAJ,FTW,AVENGER,STD,81225,200,2,P,,TW,ALL,ALL,,,,,Admin,2018-09-08 21:54:30.267,,
442,27450,BAJ136,BAJAJ,FTW,PULSAR,DTSI ESUGIII 180,62540,180,2,P,,TW,ALL,ALL,,,,,Admin,2018-09-08 21:54:30.267,,
443,27451,BAJ136,BAJAJ,FTW,DISCOVER,DRB ES 135,46282,135,2,P,,TW,ALL,ALL,,,,,Admin,2018-09-08 21:54:30.267,,
444,27452,BAJ136,BAJAJ,FTW,DISCOVER,DRB KS 135,43614,135,2,P,,TW,ALL,ALL,,,,,Admin,2018-09-08 21:54:30.267,,
445,27453,BAJ136,BAJAJ,FTW,DISCOVER,ES DSK  BLACK 135,49415,135,2,P,,TW,ALL,ALL,,,,,Admin,2018-09-08 21:54:30.267,,
446,27454,BAJ136,BAJAJ,FTW,PULSAR,DTSI KSUGII 150,51641,150,2,P,,TW,ALL,ALL,,,,,Admin,2018-09-08 21:54:30.267,,
447,27455,BAJ136,BAJAJ,FTW,PULSAR,DTSI ESUGIII 150,59861,150,2,P,,TW,ALL,ALL,,,,,Admin,2018-09-08 21:54:30.267,,
448,27456,BAJ136,BAJAJ,FTW,XCD,XCD-KS W/O SG/LG,41224,125,2,P,,TW,ALL,ALL,,,,,Admin,2018-09-08 21:54:30.270,,
449,27457,BAJ001,BAJAJ,FTW,CALIBER,110,40000,110,2,P,,TW,ALL,ALL,,,,,Admin,2018-09-08 21:54:30.270,,
450,27458,BAJ136,BAJAJ,FTW,DISCOVER,KS,38556,112,2,P,,TW,ALL,ALL,,,,,Admin,2018-09-08 21:54:30.270,,
451,27459,BAJ136,BAJAJ,FTW,DISCOVER,DTSI KS 125,43778,125,2,P,,TW,ALL,ALL,,,,,Admin,2018-09-08 21:54:30.270,,
452,27460,BAJ136,BAJAJ,FTW,DISCOVER,DTSI ES BLACK 125,48163,125,2,P,,TW,ALL,ALL,,,,,Admin,2018-09-08 21:54:30.270,,
453,27461,BAJ136,BAJAJ,FTW,DISCOVER,100 CC KS,38200,100,2,P,,TW,ALL,ALL,,,,,Admin,2018-09-08 21:54:30.270,,
454,27462,BAJ638,BAJAJ,FTW,DISCOVER,125 ST,64100,125,2,P,,TW,ALL,ALL,,,,,Admin,2018-09-08 21:54:30.270,,
455,27463,BAJ639,BAJAJ,FTW,PULSAR,200NS,98660,200,2,P,,TW,ALL,ALL,,,,,Admin,2018-09-08 21:54:30.270,,
456,27464,BAJ136,BAJAJ,FTW,CALIBER,STD,40000,100,2,P,,TW,ALL,ALL,,,,,Admin,2018-09-08 21:54:30.270,,
457,27465,BAJ136,BAJAJ,FTW,WAVE,STD,32000,100,2,P,,TW,ALL,ALL,,,,,Admin,2018-09-08 21:54:30.270,,
458,27466,BAJ714,BAJAJ,FTW,AVENGER,STREET 150,75000,150,2,P,,TW,ALL,ALL,,,,,Admin,2018-09-08 21:54:30.270,,
459,27467,BAJ715,BAJAJ,FTW,AVENGER,STREET 220,84000,220,2,P,,TW,ALL,ALL,,,,,Admin,2018-09-08 21:54:30.270,,
460,27468,BAJ716,BAJAJ,FTW,AVENGER,CRUISE,84000,220,2,P,,TW,ALL,ALL,,,,,Admin,2018-09-08 21:54:30.273,,
461,27469,BAJ726,BAJAJ,FTW,V,V15 BSIII,54420,150,2,P,,TW,ALL,ALL,,,,,Admin,2018-09-08 21:54:30.273,,
462,27470,BAJ724,BAJAJ,FTW,CT,100 B,27716,99,2,P,,TW,ALL,ALL,,,,,Admin,2018-09-08 21:54:30.273,,
463,27471,BAJ689,BAJAJ,FTW,PULSAR,RS 200,135000,199,2,P,,TW,ALL,ALL,,,,,Admin,2018-09-08 21:54:30.273,,
464,27472,BAJ697,BAJAJ,FTW,PULSAR,AS 150,82690,150,2,P,,TW,ALL,ALL,,,,,Admin,2018-09-08 21:54:30.273,,
465,27473,BAJ699,BAJAJ,FTW,PULSAR,RS 200 ABS,134683,200,2,P,,TW,ALL,ALL,,,,,Admin,2018-09-08 21:54:30.273,,
466,27474,BAJ701,BAJAJ,FTW,DISCOVER,125 DISC BRAKE.,47208,125,2,P,,TW,ALL,ALL,,,,,Admin,2018-09-08 21:54:30.273,,
467,27475,BAJ721,BAJAJ,FTW,DISCOVER,180,50490,180,2,P,,TW,ALL,ALL,,,,,Admin,2018-09-08 21:54:30.273,,
468,27476,BAJ718,BAJAJ,FTW,SPIRIT,STD,27000,60,2,P,,TW,ALL,ALL,,,,,Admin,2018-09-08 21:54:30.277,,
469,27477,BAJ719,BAJAJ,FTW,WIND,125,46000,125,2,P,,TW,ALL,ALL,,,,,Admin,2018-09-08 21:54:30.277,,
470,27478,BAJ690,BAJAJ,FTW,CT,100 SW,36828,99,2,P,,TW,ALL,ALL,,,,,Admin,2018-09-08 21:54:30.277,,
471,27479,BAJ694,BAJAJ,FTW,CT,100 AW,39912,99,2,P,,TW,ALL,ALL,,,,,Admin,2018-09-08 21:54:30.277,,
472,27480,BAJ695,BAJAJ,FTW,PLATINA,100 KS,39827,100,2,P,,TW,ALL,ALL,,,,,Admin,2018-09-08 21:54:30.277,,
473,27481,BAJ696,BAJAJ,FTW,PULSAR,AS 200,84961,200,2,P,,TW,ALL,ALL,,,,,Admin,2018-09-08 21:54:30.277,,
474,27482,BAJ720,BAJAJ,FTW,BOXER,CT,42000,150,2,P,,TW,ALL,ALL,,,,,Admin,2018-09-08 21:54:30.277,,
475,27483,BAJ728,BAJAJ,FTW,V,V12,62297,125,2,P,,TW,ALL,ALL,,,,,Admin,2018-09-08 21:54:30.277,,
476,27484,HER339,HERO MOTOR CORP,FTW,SPLENDOR,PLUS i3S BSIV IRS,44526,100,2,P,,TW,ALL,ALL,,,,,Admin,2018-09-08 21:54:30.397,,
477,27485,HON295,HONDA MOTORS,FTW,CBR250R,STD TRICOLOR,165518,250,2,P,,HONDA,ALL,ALL,,,,,Admin,2018-09-08 21:54:30.457,,
478,27486,HON296,HONDA MOTORS,FTW,CBR250R,ABS TRICOLOR,195545,250,2,P,,HONDA,ALL,ALL,,,,,Admin,2018-09-08 21:54:30.457,,
479,27487,HON297,HONDA MOTORS,FTW,DIO,DLX,51412,110,2,P,,HONDA,ALL,ALL,,,,,Admin,2018-09-08 21:54:30.457,,
480,27488,HON298,HONDA MOTORS,FTW,AVIATOR,DELUXE,60320,110,2,P,,HONDA,ALL,ALL,,,,,Admin,2018-09-08 21:54:30.457,,
481,27489,HON299,HONDA MOTORS,FTW,AVIATOR,STD,54954,110,2,P,,HONDA,ALL,ALL,,,,,Admin,2018-09-08 21:54:30.457,,
482,27490,HON300,HONDA MOTORS,FTW,STUNNER,SELF DISC ALLOY,62491,125,2,P,,HONDA,ALL,ALL,,,,,Admin,2018-09-08 21:54:30.460,,
483,27491,ROY040,ROYAL ENFIELD,FTW,THUNDERBIRD,350 UCE,140207,346,2,P,,TW,ALL,ALL,,,,,Admin,2018-09-08 21:54:30.530,,
484,27492,ROY041,ROYAL ENFIELD,FTW,THUNDERBIRD,500 EFI UCE,177743,499,2,P,,TW,ALL,ALL,,,,,Admin,2018-09-08 21:54:30.530,,
485,27493,ROY042,ROYAL ENFIELD,FTW,CONTINENTAL,GT 535 EFI UCE,196687,534,2,P,,TW,ALL,ALL,,,,,Admin,2018-09-08 21:54:30.530,,
486,27494,ROY043,ROYAL ENFIELD,FTW,BULLET,350,109019,350,2,P,,TW,ALL,ALL,,,,,Admin,2018-09-08 21:54:30.530,,
487,27495,ROY047,ROYAL ENFIELD,FTW,CLASSIC,500 UCE,151668,500,2,P,,TW,ALL,ALL,,,,,Admin,2018-09-08 21:54:30.530,,
488,27496,ROY044,ROYAL ENFIELD,FTW,BULLET ELECTRA,350,121549,350,2,P,,TW,ALL,ALL,,,,,Admin,2018-09-08 21:54:30.530,,
489,27497,ROY024,ROYAL ENFIELD,FTW,THUNDERBIRD,500,182200,500,2,P,,TW,ALL,ALL,,,,,Admin,2018-09-08 21:54:30.530,,
490,27498,ROY045,ROYAL ENFIELD,FTW,THUNDERBIRD,350,143400,350,2,P,,TW,ALL,ALL,,,,,Admin,2018-09-08 21:54:30.533,,
491,27499,ROY001,ROYAL ENFIELD,FTW,THUNDERBIRD,500 EFI,160669,499,2,P,,TW,ALL,ALL,,,,,Admin,2018-09-08 21:54:30.533,,
492,27500,ROY025,ROYAL ENFIELD,FTW,STANDARD,500,158400,500,2,P,,TW,ALL,ALL,,,,,Admin,2018-09-08 21:54:30.533,,
493,27501,ROY001,ROYAL ENFIELD,FTW,ELECTRA,5S FLUCE,116821,346,2,P,,TW,ALL,ALL,,,,,Admin,2018-09-08 21:54:30.533,,
494,27502,ROY001,ROYAL ENFIELD,FTW,BULLET ELECTRA,STD,85824,350,2,P,,TW,ALL,ALL,,,,,Admin,2018-09-08 21:54:30.533,,
495,27503,ROY001,ROYAL ENFIELD,FTW,THUNDERBIRD,KICKSTART,92374,350,2,P,,TW,ALL,ALL,,,,,Admin,2018-09-08 21:54:30.533,,
496,27504,ROY001,ROYAL ENFIELD,FTW,BULLET ELECTRA,550,87967,350,2,P,,TW,ALL,ALL,,,,,Admin,2018-09-08 21:54:30.533,,
497,27505,ROY001,ROYAL ENFIELD,FTW,BULLET,MACHISMO 350,98000,350,2,P,,TW,ALL,ALL,,,,,Admin,2018-09-08 21:54:30.533,,
498,27506,ROY001,ROYAL ENFIELD,FTW,BULLET,MACHISMO 500,116321,500,2,P,,TW,ALL,ALL,,,,,Admin,2018-09-08 21:54:30.537,,
499,27507,ROY001,ROYAL ENFIELD,FTW,THUNDERBIRD,SELF,126240,350,2,P,,TW,ALL,ALL,,,,,Admin,2018-09-08 21:54:30.537,,
500,27508,ROY002,ROYAL ENFIELD,FTW,CLASSIC,350,135501,346,2,P,,TW,ALL,ALL,,,,,Admin,2018-09-08 21:54:30.537,,
501,27509,ROY001,ROYAL ENFIELD,FTW,THUNDERBIRD,TWINSPARK,112210,346,2,P,,TW,ALL,ALL,,,,,Admin,2018-09-08 21:54:30.537,,
502,27510,ROY001,ROYAL ENFIELD,FTW,CLASSIC,500,168500,499,2,P,,TW,ALL,ALL,,,,,Admin,2018-09-08 21:54:30.537,,
503,27511,ROY001,ROYAL ENFIELD,FTW,CLASSIC,DESERT STORM,198635,500,2,P,,TW,ALL,ALL,,,,,Admin,2018-09-08 21:54:30.537,,
504,27512,HON375,HONDA MOTORS,FTW,LIVO,110 CBF G ID,51158,110,2,P,,HONDA,ALL,ALL,,,,,Admin,2018-09-08 21:54:30.397,,
505,27513,HON376,HONDA MOTORS,FTW,LIVO,110 CBF G,48974,110,2,P,,HONDA,ALL,ALL,,,,,Admin,2018-09-08 21:54:30.400,,
506,27514,HON402,HONDA MOTORS,FTW,CB HORNET,160 CBS,86479,160,2,P,,HONDA,ALL,ALL,,,,,Admin,2018-09-08 21:54:30.400,,
507,27515,HON453,HONDA MOTORS,FTW,CD,110 DX,46197,110,2,P,,HONDA,ALL,ALL,,,,,Admin,2018-09-08 21:54:30.400,,
508,27516,HON377,HONDA MOTORS,FTW,LIVO,DLX,56836,110,2,P,,HONDA,ALL,ALL,,,,,Admin,2018-09-08 21:54:30.400,,
509,27517,HON383,HONDA MOTORS,FTW,SHINE,CB 125 SP,57609,125,2,P,,HONDA,ALL,ALL,,,,,Admin,2018-09-08 21:54:30.400,,
510,27518,HON456,HONDA MOTORS,FTW,SHINE,CB CBS,54052,125,2,P,,HONDA,ALL,ALL,,,,,Admin,2018-09-08 21:54:30.400,,
511,27519,HON396,HONDA MOTORS,FTW,SHINE,CB SP DISC,55337,125,2,P,,HONDA,ALL,ALL,,,,,Admin,2018-09-08 21:54:30.400,,
512,27520,HON368,HONDA MOTORS,FTW,LIVO,110 DRUM SELF,55942,109,2,P,,HONDA,ALL,ALL,,,,,Admin,2018-09-08 21:54:30.400,,
513,27521,HON369,HONDA MOTORS,FTW,LIVO,110 DISC SELF,58442,109,2,P,,HONDA,ALL,ALL,,,,,Admin,2018-09-08 21:54:30.403,,
514,27522,HON400,HONDA MOTORS,FTW,SHINE,CB SP CBS,57034,125,2,P,,HONDA,ALL,ALL,,,,,Admin,2018-09-08 21:54:30.410,,
515,27523,HON397,HONDA MOTORS,FTW,SHINE,CB SP DR,53216,125,2,P,,HONDA,ALL,ALL,,,,,Admin,2018-09-08 21:54:30.417,,
516,27524,HON394,HONDA MOTORS,FTW,CB HORNET,160R,84469,162,2,P,,HONDA,ALL,ALL,,,,,Admin,2018-09-08 21:54:30.417,,
517,27525,HON398,HONDA MOTORS,FTW,SHINE,CB 125 SP CBF,55770,125,2,P,,HONDA,ALL,ALL,,,,,Admin,2018-09-08 21:54:30.417,,
518,27526,HON402,HONDA MOTORS,FTW,SHINE,SP DR ES,60873,125,2,P,,HONDA,ALL,ALL,,,,,Admin,2018-09-08 21:54:30.417,,
519,27527,HON403,HONDA MOTORS,FTW,SHINE,SP DISC ES,63415,125,2,P,,HONDA,ALL,ALL,,,,,Admin,2018-09-08 21:54:30.417,,
520,27528,HON404,HONDA MOTORS,FTW,SHINE,SP CBF125,53531,125,2,P,,HONDA,ALL,ALL,,,,,Admin,2018-09-08 21:54:30.417,,
521,27529,HON401,HONDA MOTORS,FTW,CBX250,TWISTER,150000,250,2,P,,HONDA,ALL,ALL,,,,,Admin,2018-09-08 21:54:30.417,,
522,27530,HON457,HONDA MOTORS,FTW,NAVI,SELF,34933,110,2,P,,HONDA,ALL,ALL,,,,,Admin,2018-09-08 21:54:30.417,,
523,27531,HON351,HONDA MOTORS,FTW,ACTIVA,HET,47920,109,2,P,,HONDA,ALL,ALL,,,,,Admin,2018-09-08 21:54:30.420,,
524,27532,HON362,HONDA MOTORS,FTW,SHINE,CB 125 ID,58842,125,2,P,,HONDA,ALL,ALL,,,,,Admin,2018-09-08 21:54:30.420,,
525,27533,HON363,HONDA MOTORS,FTW,SHINE,CB 125 2ID,61696,125,2,P,,HONDA,ALL,ALL,,,,,Admin,2018-09-08 21:54:30.420,,
526,27534,HON364,HONDA MOTORS,FTW,SHINE,CB 125 3ID,64881,125,2,P,,HONDA,ALL,ALL,,,,,Admin,2018-09-08 21:54:30.420,,
527,27535,HON273,HONDA MOTORS,FTW,ACTIVA,110 CC,53921,109,2,P,,HONDA,ALL,ALL,,,,,Admin,2018-09-08 21:54:30.450,,
528,27536,HON274,HONDA MOTORS,FTW,STUNNER,CBF KS,56180,125,2,P,,HONDA,ALL,ALL,,,,,Admin,2018-09-08 21:54:30.450,,
529,27537,HON275,HONDA MOTORS,FTW,STUNNER,CBF Fi,68682,125,2,P,,HONDA,ALL,ALL,,,,,Admin,2018-09-08 21:54:30.450,,
530,27538,HON276,HONDA MOTORS,FTW,STUNNER,CBF ES,58300,125,2,P,,HONDA,ALL,ALL,,,,,Admin,2018-09-08 21:54:30.450,,
531,27539,HON277,HONDA MOTORS,FTW,CBFSTUNNER,SELF-DISC-ALLOY,61391,125,2,P,,HONDA,ALL,ALL,,,,,Admin,2018-09-08 21:54:30.450,,
532,27540,HON278,HONDA MOTORS,FTW,SHINE,SELF-DISC,54989,124,2,P,,HONDA,ALL,ALL,,,,,Admin,2018-09-08 21:54:30.450,,
533,27541,HON279,HONDA MOTORS,FTW,SHINE,SELF-DRUM,51698,124,2,P,,HONDA,ALL,ALL,,,,,Admin,2018-09-08 21:54:30.450,,
534,27542,HON280,HONDA MOTORS,FTW,SHINE,KICK-DISC,54762,124,2,P,,HONDA,ALL,ALL,,,,,Admin,2018-09-08 21:54:30.450,,
535,27543,HON282,HONDA MOTORS,FTW,CBFSTUNNER,SELF-DRUM-ALLOY,52504,125,2,P,,HONDA,ALL,ALL,,,,,Admin,2018-09-08 21:54:30.450,,
536,27544,HON283,HONDA MOTORS,FTW,CBFSTUNNER,KICK-DRUM-ALLOY,48725,125,2,P,,HONDA,ALL,ALL,,,,,Admin,2018-09-08 21:54:30.450,,
537,27545,HON284,HONDA MOTORS,FTW,SHINE,SELF START,57600,149,2,P,,HONDA,ALL,ALL,,,,,Admin,2018-09-08 21:54:30.453,,
538,27546,HON285,HONDA MOTORS,FTW,STUNNER,CBF DBES,61433,125,2,P,,HONDA,ALL,ALL,,,,,Admin,2018-09-08 21:54:30.453,,
539,27547,HON286,HONDA MOTORS,FTW,ACTIVA,DLX 110 CC,53921,109,2,P,,HONDA,ALL,ALL,,,,,Admin,2018-09-08 21:54:30.453,,
540,27548,HON352,HONDA MOTORS,FTW,CBUNICORN,CBS,81367,160,2,P,,HONDA,ALL,ALL,,,,,Admin,2018-09-08 21:54:30.420,,
541,27549,HON353,HONDA MOTORS,FTW,CBUNICORN,160 STD,75966,160,2,P,,HONDA,ALL,ALL,,,,,Admin,2018-09-08 21:54:30.420,,
542,27550,HON281,HONDA MOTORS,FTW,CBUNICORN,DAZZLER,66935,150,2,P,,HONDA,ALL,ALL,,,,,Admin,2018-09-08 21:54:30.420,,
543,27551,HON359,HONDA MOTORS,FTW,CBUNICORN,160 ID,71924,160,2,P,,HONDA,ALL,ALL,,,,,Admin,2018-09-08 21:54:30.420,,
544,27552,HON360,HONDA MOTORS,FTW,CBUNICORN,160 2ID,77178,160,2,P,,HONDA,ALL,ALL,,,,,Admin,2018-09-08 21:54:30.420,,
545,27553,HON357,HONDA MOTORS,FTW,ACTIVA,3G,51800,109,2,P,,HONDA,ALL,ALL,,,,,Admin,2018-09-08 21:54:30.423,,
546,27554,HON319,HONDA MOTORS,FTW,ACTIVA,SCV 125E,52447,125,2,P,,HONDA,ALL,ALL,,,,,Admin,2018-09-08 21:54:30.423,,
547,27555,HON340,HONDA MOTORS,FTW,ACTIVA,125 STD,59094,125,2,P,,HONDA,ALL,ALL,,,,,Admin,2018-09-08 21:54:30.423,,
548,27556,HON341,HONDA MOTORS,FTW,ACTIVA,125 DLX,65431,125,2,P,,HONDA,ALL,ALL,,,,,Admin,2018-09-08 21:54:30.423,,
549,27557,HON252,HONDA MOTORS,FTW,DREAMYUGA,KICK DRUM ALLOY,52185,109,2,P,,HONDA,ALL,ALL,,,,,Admin,2018-09-08 21:54:30.423,,
550,27558,HON259,HONDA MOTORS,FTW,ACTIVA,DIO,36869,102,2,P,,HONDA,ALL,ALL,,,,,Admin,2018-09-08 21:54:30.423,,
551,27559,HON339,HONDA MOTORS,FTW,TWISTER,DRUM,48561,110,2,P,,HONDA,ALL,ALL,,,,,Admin,2018-09-08 21:54:30.423,,
552,27560,HON432,HONDA MOTORS,FTW,NAVI,STD,39500,110,2,P,,HONDA,ALL,ALL,,,,,Admin,2018-09-08 21:54:30.440,,
553,27561,HON249,HONDA MOTORS,FTW,DIO,STD,45490,102,2,P,,HONDA,ALL,ALL,,,,,Admin,2018-09-08 21:54:30.440,,
554,27562,HON256,HONDA MOTORS,FTW,TWISTER,KS,43970,110,2,P,,HONDA,ALL,ALL,,,,,Admin,2018-09-08 21:54:30.440,,
555,27563,HON317,HONDA MOTORS,FTW,SHINE,KICK-DRUM,47042,124,2,P,,HONDA,ALL,ALL,,,,,Admin,2018-09-08 21:54:30.440,,
556,27564,HON251,HONDA MOTORS,FTW,DREAMYUGA,KICK DRUM SPOKE,50679,109,2,P,,HONDA,ALL,ALL,,,,,Admin,2018-09-08 21:54:30.440,,
557,50922,HAR001,HARLEY DAVIDSON,FTW,FLSTF FAT BOY SPECIAL,SOFTAIL,1597910,1690,2,P,,TW,ALL,ALL,,,,,Admin,2018-09-08 21:54:30.310,,
558,50923,HAR001,HARLEY DAVIDSON,FTW,FLSTC HERITAGE SOFTAIL CLASSIC,SOFTAIL,1647780,1690,2,P,,TW,ALL,ALL,,,,,Admin,2018-09-08 21:54:30.310,,
559,50924,HAR001,HARLEY DAVIDSON,FTW,VRSCDX NIGHTROD SPL.,V-ROD,1989756,1247,2,P,,TW,ALL,ALL,,,,,Admin,2018-09-08 21:54:30.310,,
560,50925,HAR001,HARLEY DAVIDSON,FTW,FLHR ROAD KING,TOURING,2335150,1584,2,P,,TW,ALL,ALL,,,,,Admin,2018-09-08 21:54:30.310,,
561,50926,HAR001,HARLEY DAVIDSON,FTW,LFHX STREET GLIDE,TOURING,2514778,1690,2,P,,TW,ALL,ALL,,,,,Admin,2018-09-08 21:54:30.310,,
562,50927,HAR001,HARLEY DAVIDSON,FTW,FLHT CUSE ULTRA CLASSIC ELECTRA GLIDE,CVO,3633596,1802,2,P,,TW,ALL,ALL,,,,,Admin,2018-09-08 21:54:30.310,,
563,50928,HAR003,HARLEY DAVIDSON,FTW,STREET,750,437644,750,2,P,,TW,ALL,ALL,,,,,Admin,2018-09-08 21:54:30.310,,
564,50929,HAY001,HAYABUSA,FTW,GSX,RLE,1526667,1300,2,P,,TW,ALL,ALL,,,,,Admin,2018-09-08 21:54:30.313,,
565,50930,HER001,HERO HONDA,FTW,GLAMOUR,FI F1 (DRM),52439,125,2,P,,TW,ALL,ALL,,,,,Admin,2018-09-08 21:54:30.313,,
566,50931,HER001,HERO HONDA,FTW,CDDAWN,STD,32288,100,2,P,,TW,ALL,ALL,,,,,Admin,2018-09-08 21:54:30.313,,
567,50932,HER001,HERO HONDA,FTW,GLAMOUR,DRUM SELF,48830,125,2,P,,TW,ALL,ALL,,,,,Admin,2018-09-08 21:54:30.313,,
568,50933,HER001,HERO HONDA,FTW,GLAMOUR,DISC SELF,50747,125,2,P,,TW,ALL,ALL,,,,,Admin,2018-09-08 21:54:30.313,,
569,50934,HER321,HERO HONDA,FTW,SPLENDOR,STD,40650,97,2,P,,TW,ALL,ALL,,,,,Admin,2018-09-08 21:54:30.313,,
570,50935,HER001,HERO HONDA,FTW,PLEASURE,BLACK,41067,98,2,P,,TW,ALL,ALL,,,,,Admin,2018-09-08 21:54:30.313,,
571,50936,HER042,HERO HONDA,FTW,CD,100 SS,31900,100,2,P,,TW,ALL,ALL,,,,,Admin,2018-09-08 21:54:30.313,,
572,50937,HER318,HERO HONDA,FTW,PASSIONPRO,LIMITED EDITION,54000,97,2,P,,TW,ALL,ALL,,,,,Admin,2018-09-08 21:54:30.313,,
573,50938,HER293,HERO HONDA,FTW,PASSIONPRO,SELF CAST,47662,110,2,P,,TW,ALL,ALL,,,,,Admin,2018-09-08 21:54:30.317,,
574,50939,HER001,HERO HONDA,FTW,CBZ,XTREME,59621,150,2,P,,TW,ALL,ALL,,,,,Admin,2018-09-08 21:54:30.317,,
575,50940,HER001,HERO HONDA,FTW,AMBITION,STD,54000,135,2,P,,TW,ALL,ALL,,,,,Admin,2018-09-08 21:54:30.317,,
576,50941,HER038,HERO HONDA,FTW,CD,100,35000,97,2,P,,TW,ALL,ALL,,,,,Admin,2018-09-08 21:54:30.317,,
577,50942,HER001,HERO HONDA,FTW,JOY,STD,33000,100,2,P,,TW,ALL,ALL,,,,,Admin,2018-09-08 21:54:30.317,,
578,50943,HER001,HERO HONDA,FTW,PASSIONPLUS,NEW,41750,97,2,P,,TW,ALL,ALL,,,,,Admin,2018-09-08 21:54:30.317,,
579,50944,HER284,HERO HONDA,FTW,PASSIONPLUS,DRUM,45000,97,2,P,,TW,ALL,ALL,,,,,Admin,2018-09-08 21:54:30.317,,
580,50945,HER001,HERO HONDA,FTW,ACHIEVER,(DRM SELF) VISOR,50740,125,2,P,,TW,ALL,ALL,,,,,Admin,2018-09-08 21:54:30.317,,
581,50946,HER001,HERO HONDA,FTW,ACHIEVER,(DSC) VISOR,51650,125,2,P,,TW,ALL,ALL,,,,,Admin,2018-09-08 21:54:30.317,,
582,50947,HER001,HERO HONDA,FTW,ACHIEVER,(DSC SELF) VISOR,53450,125,2,P,,TW,ALL,ALL,,,,,Admin,2018-09-08 21:54:30.317,,
583,50948,HER001,HERO HONDA,FTW,DAWN,CD DAWN,32039,97,2,P,,TW,ALL,ALL,,,,,Admin,2018-09-08 21:54:30.320,,
584,50949,HER001,HERO HONDA,FTW,DAWN,CD DLX,44289,97,2,P,,TW,ALL,ALL,,,,,Admin,2018-09-08 21:54:30.320,,
585,50950,HER001,HERO HONDA,FTW,KARIZMA,STD,76445,223,2,P,,TW,ALL,ALL,,,,,Admin,2018-09-08 21:54:30.320,,
586,50951,HER001,HERO HONDA,FTW,PASSION,STD,42250,97,2,P,,TW,ALL,ALL,,,,,Admin,2018-09-08 21:54:30.320,,
587,50952,HER001,HERO HONDA,FTW,SUPER SPLENDOR,SELF,42900,125,2,P,,TW,ALL,ALL,,,,,Admin,2018-09-08 21:54:30.320,,
588,50953,HER001,HERO HONDA,FTW,GLAMOUR,STD,42500,125,2,P,,TW,ALL,ALL,,,,,Admin,2018-09-08 21:54:30.320,,
589,50954,HER001,HERO HONDA,FTW,PLEASURE,STD,37115,102,2,P,,TW,ALL,ALL,,,,,Admin,2018-09-08 21:54:30.320,,
590,50955,HER001,HERO HONDA,FTW,PLEASURE,NEW,36643,102,2,P,,TW,ALL,ALL,,,,,Admin,2018-09-08 21:54:30.320,,
591,83694,HER001,HERO HONDA,FTW,ACHIEVER,(DRM),47650,125,2,P,,TW,ALL,ALL,,,,,Admin,2018-09-08 21:54:30.320,,
592,83695,HER001,HERO HONDA,FTW,ACHIEVER,(DRM) VISOR,48950,125,2,P,,TW,ALL,ALL,,,,,Admin,2018-09-08 21:54:30.320,,
593,83696,HER001,HERO HONDA,FTW,GLAMOUR,CCR,46238,125,2,P,,TW,ALL,ALL,,,,,Admin,2018-09-08 21:54:30.323,,
594,83697,HER001,HERO HONDA,FTW,SPLENDOR,CAST,39623,125,2,P,,TW,ALL,ALL,,,,,Admin,2018-09-08 21:54:30.323,,
595,83698,HER001,HERO HONDA,FTW,SPLENDORNXG,CAST,43130,125,2,P,,TW,ALL,ALL,,,,,Admin,2018-09-08 21:54:30.323,,
596,83699,HER001,HERO HONDA,FTW,SPLENDOR,SP EDITION,40760,125,2,P,,TW,ALL,ALL,,,,,Admin,2018-09-08 21:54:30.323,,
597,83700,HER001,HERO HONDA,FTW,GLAMOUR,FI F1 (DSC SELF),56518,125,2,P,,TW,ALL,ALL,,,,,Admin,2018-09-08 21:54:30.323,,
598,83701,HER001,HERO HONDA,FTW,CDDLX,MACHWHEEL,35216,100,2,P,,TW,ALL,ALL,,,,,Admin,2018-09-08 21:54:30.323,,
599,83702,HER001,HERO HONDA,FTW,CDDLX,SELF,39902,100,2,P,,TW,ALL,ALL,,,,,Admin,2018-09-08 21:54:30.323,,
600,83703,HER001,HERO HONDA,FTW,CDDLX,SPOKE,34004,100,2,P,,TW,ALL,ALL,,,,,Admin,2018-09-08 21:54:30.323,,
601,83704,HER001,HERO HONDA,FTW,SPLENDORPLUS,SPOKE,40658,98,2,P,,TW,ALL,ALL,,,,,Admin,2018-09-08 21:54:30.327,,
602,83705,HER001,HERO HONDA,FTW,SPLENDORPLUS,MACHWHEEL,41667,98,2,P,,TW,ALL,ALL,,,,,Admin,2018-09-08 21:54:30.327,,
603,83706,HER001,HERO HONDA,FTW,SPLENDORNXG,KICK,39230,100,2,P,,TW,ALL,ALL,,,,,Admin,2018-09-08 21:54:30.327,,
604,83707,HER001,HERO HONDA,FTW,SPLENDORNXG,SELF,41473,100,2,P,,TW,ALL,ALL,,,,,Admin,2018-09-08 21:54:30.327,,
605,83708,HER001,HERO HONDA,FTW,PASSIONPLUS,STD,42545,97,2,P,,TW,ALL,ALL,,,,,Admin,2018-09-08 21:54:30.327,,
606,83709,HER001,HERO HONDA,FTW,PASSIONPRO,SELF,47317,97,2,P,,TW,ALL,ALL,,,,,Admin,2018-09-08 21:54:30.327,,
607,83710,HER001,HERO HONDA,FTW,PASSIONPRO,KICK,42800,97,2,P,,TW,ALL,ALL,,,,,Admin,2018-09-08 21:54:30.327,,
608,83711,HER001,HERO HONDA,FTW,SUPER SPLENDOR,STD,45299,125,2,P,,TW,ALL,ALL,,,,,Admin,2018-09-08 21:54:30.327,,
609,83712,HER001,HERO HONDA,FTW,HUNK,DSS,60180,150,2,P,,TW,ALL,ALL,,,,,Admin,2018-09-08 21:54:30.340,,
610,83713,HER001,HERO HONDA,FTW,CBX,XTREM,58325,150,2,P,,TW,ALL,ALL,,,,,Admin,2018-09-08 21:54:30.340,,
611,83714,HER001,HERO HONDA,FTW,ACHIEVER,STD,54224,150,2,P,,TW,ALL,ALL,,,,,Admin,2018-09-08 21:54:30.340,,
612,83715,HER001,HERO HONDA,FTW,KARIZMA,BLACKWHEEL,75868,223,2,P,,TW,ALL,ALL,,,,,Admin,2018-09-08 21:54:30.340,,
613,83716,HER001,HERO HONDA,FTW,KARIZMA,REDWHEEL,76575,223,2,P,,TW,ALL,ALL,,,,,Admin,2018-09-08 21:54:30.340,,
614,83717,HER001,HERO HONDA,FTW,PASSIONPLUS,SPOKE,42545,97,2,P,,TW,ALL,ALL,,,,,Admin,2018-09-08 21:54:30.340,,
615,83718,HER001,HERO HONDA,FTW,PASSIONPLUS,CAST,45480,97,2,P,,TW,ALL,ALL,,,,,Admin,2018-09-08 21:54:30.340,,
616,83719,HER001,HERO HONDA,FTW,PASSIONPRO,SPOKE,46309,97,2,P,,TW,ALL,ALL,,,,,Admin,2018-09-08 21:54:30.343,,
617,83720,HER001,HERO HONDA,FTW,PASSIONPLUSPRO,SPOKE SELF,44840,97,2,P,,TW,ALL,ALL,,,,,Admin,2018-09-08 21:54:30.343,,
618,83721,HER001,HERO HONDA,FTW,PASSIONPLUSPRO,CAST SELF,44840,97,2,P,,TW,ALL,ALL,,,,,Admin,2018-09-08 21:54:30.343,,
619,83722,HER001,HERO HONDA,FTW,GLAMOUR,DRUM KICK OLD,48614,125,2,P,,TW,ALL,ALL,,,,,Admin,2018-09-08 21:54:30.343,,
620,83723,HER001,HERO HONDA,FTW,GLAMOUR,DRUM SELF CAST,48614,125,2,P,,TW,ALL,ALL,,,,,Admin,2018-09-08 21:54:30.343,,
621,112536,ROY026,ROYAL ENFIELD,FTW,BULLET,500,155441,500,2,P,,TW,ALL,ALL,,,,,Admin,2018-09-08 21:54:30.537,,
622,112537,ROY028,ROYAL ENFIELD,FTW,CLASSIC,CHROME,179000,500,2,P,,TW,ALL,ALL,,,,,Admin,2018-09-08 21:54:30.537,,
623,112538,ROY029,ROYAL ENFIELD,FTW,THUNDERBIRD,NT51,161346,500,1,P,,TW,ALL,ALL,,,,,Admin,2018-09-08 21:54:30.540,,
624,112539,ROY030,ROYAL ENFIELD,FTW,BULLET,UCE STD,97574,350,2,P,,TW,ALL,ALL,,,,,Admin,2018-09-08 21:54:30.540,,
625,112540,ROY031,ROYAL ENFIELD,FTW,BULLET,CONTINENTAL GT,188143,535,2,P,,TW,ALL,ALL,,,,,Admin,2018-09-08 21:54:30.540,,
626,112541,ROY032,ROYAL ENFIELD,FTW,CONTINENTAL,GT,201400,535,2,P,,TW,ALL,ALL,,,,,Admin,2018-09-08 21:54:30.540,,
627,112542,ROY001,ROYAL ENFIELD,FTW,ELECTRA,350 CC,124350,350,2,P,,TW,ALL,ALL,,,,,Admin,2018-09-08 21:54:30.540,,
628,112543,ROY001,ROYAL ENFIELD,FTW,CLASSIC,500 CC,165168,500,2,P,,TW,ALL,ALL,,,,,Admin,2018-09-08 21:54:30.540,,
629,112544,ROY001,ROYAL ENFIELD,FTW,STANDARD,350 CC,110400,346,2,P,,TW,ALL,ALL,,,,,Admin,2018-09-08 21:54:30.540,,
630,112545,ROY004,ROYAL ENFIELD,FTW,STANDARD,UCE,99547,346,2,P,,TW,ALL,ALL,,,,,Admin,2018-09-08 21:54:30.540,,
631,112546,ROY021,ROYAL ENFIELD,FTW,ELECTRA,UCE ES DISC,111559,350,2,P,,TW,ALL,ALL,,,,,Admin,2018-09-08 21:54:30.540,,
632,112547,ROY022,ROYAL ENFIELD,FTW,THUNDERBIRD,DISC ES 5S,126841,350,2,P,,TW,ALL,ALL,,,,,Admin,2018-09-08 21:54:30.540,,
633,112548,ROY023,ROYAL ENFIELD,FTW,CLASSIC,500 EFI,151601,499,2,P,,TW,ALL,ALL,,,,,Admin,2018-09-08 21:54:30.543,,
634,112549,ROY001,ROYAL ENFIELD,FTW,THUNDERBIRD,CLS 500,138737,346,2,P,,TW,ALL,ALL,,,,,Admin,2018-09-08 21:54:30.543,,
635,112550,SUZ082,SUZUKI,FTW,INTRUDER,STANDARD,121740,155,2,P,,TW,ALL,ALL,,,,,Admin,2018-09-08 21:54:30.543,,
636,112551,SUZ079,SUZUKI,FTW,ACCESS,125 Z DRUM,46277,125,2,P,,TW,ALL,ALL,,,,,Admin,2018-09-08 21:54:30.543,,
637,112552,SUZ080,SUZUKI,FTW,ACCESS,125 Z DISC,48180,125,2,P,,TW,ALL,ALL,,,,,Admin,2018-09-08 21:54:30.543,,
638,112553,SUZ081,SUZUKI,FTW,GIXXER,150 SPL EDT,81057,155,2,P,,TW,ALL,ALL,,,,,Admin,2018-09-08 21:54:30.543,,
639,112554,SUZ001,SUZUKI,FTW,GS,150 R,76772,150,2,P,,TW,ALL,ALL,,,,,Admin,2018-09-08 21:54:30.543,,
640,112555,SUZ034,SUZUKI,FTW,GIXXER,155 SINGLE DISC,76650,155,2,P,,TW,ALL,ALL,,,,,Admin,2018-09-08 21:54:30.543,,
641,112556,SUZ003,SUZUKI,FTW,GIXXER,150,79019,155,2,P,,TW,ALL,ALL,,,,,Admin,2018-09-08 21:54:30.543,,
642,112557,SUZ036,SUZUKI,FTW,HAYATE,EP,53813,113,2,P,,TW,ALL,ALL,,,,,Admin,2018-09-08 21:54:30.547,,
643,112558,SUZ035,SUZUKI,FTW,GIXXER,DUAL TONE EDTN,77726,155,2,P,,TW,ALL,ALL,,,,,Admin,2018-09-08 21:54:30.547,,
644,112559,SUZ004,SUZUKI,FTW,GSX,150,65112,150,2,P,,TW,ALL,ALL,,,,,Admin,2018-09-08 21:54:30.547,,
645,112560,SUZ005,SUZUKI,FTW,ACCESS,SE,46247,125,2,P,,TW,ALL,ALL,,,,,Admin,2018-09-08 21:54:30.547,,
646,112561,SUZ001,SUZUKI,FTW,HAYATE,110 CC,51300,112,2,P,,TW,ALL,ALL,,,,,Admin,2018-09-08 21:54:30.547,,
647,112562,SUZ001,SUZUKI,FTW,ACCESS,125,51890,124,2,P,,TW,ALL,ALL,,,,,Admin,2018-09-08 21:54:30.547,,
648,112563,SUZ001,SUZUKI,FTW,ZEUS,GT 125XCD,46655,124,2,P,,TW,ALL,ALL,,,,,Admin,2018-09-08 21:54:30.547,,
649,112564,SUZ001,SUZUKI,FTW,ZEUS,GT 125XEU,45205,124,2,P,,TW,ALL,ALL,,,,,Admin,2018-09-08 21:54:30.547,,
650,112565,SUZ001,SUZUKI,FTW,ZEUS,GT 125XDU,43311,124,2,P,,TW,ALL,ALL,,,,,Admin,2018-09-08 21:54:30.550,,
651,112566,SUZ001,SUZUKI,FTW,ZEUS,GT 125U,41048,124,2,P,,TW,ALL,ALL,,,,,Admin,2018-09-08 21:54:30.550,,
652,112567,SUZ004,SUZUKI,FTW,ACCESS,125 Z,57461,125,2,P,,TW,ALL,ALL,,,,,Admin,2018-09-08 21:54:30.550,,
653,112568,SUZ001,SUZUKI,FTW,HEAT,ALLOY,38444,124,2,P,,TW,ALL,ALL,,,,,Admin,2018-09-08 21:54:30.550,,
654,112569,SUZ001,SUZUKI,FTW,HEAT,SPOKE,37481,124,2,P,,TW,ALL,ALL,,,,,Admin,2018-09-08 21:54:30.550,,
655,112570,SUZ001,SUZUKI,FTW,SLINGSHOT,EU,47630,124,2,P,,TW,ALL,ALL,,,,,Admin,2018-09-08 21:54:30.550,,
656,112571,SUZ001,SUZUKI,FTW,SLINGSHOT,DU,47630,124,2,P,,TW,ALL,ALL,,,,,Admin,2018-09-08 21:54:30.550,,
657,112572,SUZ001,SUZUKI,FTW,INAZUMA,250,214177,250,2,P,,TW,ALL,ALL,,,,,Admin,2018-09-08 21:54:30.550,,
658,112573,SUZ001,SUZUKI,FTW,SWISH,125,54798,125,2,P,,TW,ALL,ALL,,,,,Admin,2018-09-08 21:54:30.550,,
659,112574,SUZ001,SUZUKI,FTW,SLINGSHOT,SCU,41712,100,2,P,,TW,ALL,ALL,,,,,Admin,2018-09-08 21:54:30.550,,
660,112575,SUZ001,SUZUKI,FTW,HAYATE,KS,41804,110,2,P,,TW,ALL,ALL,,,,,Admin,2018-09-08 21:54:30.550,,
661,112576,SUZ001,SUZUKI,FTW,HAYATE,SS,43604,110,2,P,,TW,ALL,ALL,,,,,Admin,2018-09-08 21:54:30.553,,
662,112577,SUZ002,SUZUKI,FTW,LETS,113,50225,110,2,P,,TW,ALL,ALL,,,,,Admin,2018-09-08 21:54:30.553,,
663,112578,SUZ001,SUZUKI,FTW,SLINGSHOT,SEU,54128,124,2,P,,TW,ALL,ALL,,,,,Admin,2018-09-08 21:54:30.553,,
664,112579,SUZ001,SUZUKI,FTW,SLINGSHOT,SCD,57745,124,2,P,,TW,ALL,ALL,,,,,Admin,2018-09-08 21:54:30.553,,
665,112580,SUZ006,SUZUKI,FTW,GIXXER,SFZ,77953,155,2,P,,TW,ALL,ALL,,,,,Admin,2018-09-08 21:54:30.553,,
666,112581,SUZ007,SUZUKI,FTW,GIXXER,SF,89703,155,2,P,,TW,ALL,ALL,,,,,Admin,2018-09-08 21:54:30.553,,
667,112582,SUZ067,SUZUKI,FTW,GIXXER,150 SF,92358,155,2,P,,TW,ALL,ALL,,,,,Admin,2018-09-08 21:54:30.553,,
668,112583,SUZ083,SUZUKI,FTW,INTRUDER,GL 150,79065,155,2,P,,TW,ALL,ALL,,,,,Admin,2018-09-08 21:54:30.553,,
669,112584,SUZ084,SUZUKI,FTW,INTRUDER,GL 150 ABS,106637,155,2,P,,TW,ALL,ALL,,,,,Admin,2018-09-08 21:54:30.557,,
670,112585,SUZ085,SUZUKI,FTW,GIXXER,SF Fi,93032,155,2,P,,TW,ALL,ALL,,,,,Admin,2018-09-08 21:54:30.557,,
671,112586,TRI020,TRIUMPH,FTW,TIGER,800 XCa,1430880,800,2,P,,TW,ALL,ALL,,,,,Admin,2018-09-08 21:54:30.557,,
672,112587,TRI014,TRIUMPH,FTW,TIGER,800 XRx,1207680,800,2,P,,TW,ALL,ALL,,,,,Admin,2018-09-08 21:54:30.557,,
673,112588,TRI015,TRIUMPH,FTW,TIGER,800 XCx,1327870,800,2,P,,TW,ALL,ALL,,,,,Admin,2018-09-08 21:54:30.557,,
674,112589,TRI017,TRIUMPH,FTW,ROCKET,X LIMITED EDITION,2264130,2294,2,P,,TW,ALL,ALL,,,,,Admin,2018-09-08 21:54:30.557,,
675,112590,TRI021,TRIUMPH,FTW,TIGER,800 XR,1082800,800,2,P,,TW,ALL,ALL,,,,,Admin,2018-09-08 21:54:30.557,,
676,112591,TRI012,TRIUMPH,FTW,THUDERBIRD,LT ABS A1,1403005,1699,2,P,,TW,ALL,ALL,,,,,Admin,2018-09-08 21:54:30.557,,
677,112592,TRI013,TRIUMPH,FTW,THUDERBIRD,LT,1651910,1699,2,P,,TW,ALL,ALL,,,,,Admin,2018-09-08 21:54:30.560,,
678,112593,TRI011,TRIUMPH,FTW,TIGER,800 XC,1259750,799,2,P,,TW,ALL,ALL,,,,,Admin,2018-09-08 21:54:30.560,,
679,112594,TRI001,TRIUMPH,FTW,BONNEVILLE,A3,634450,865,2,P,,TW,ALL,ALL,,,,,Admin,2018-09-08 21:54:30.560,,
680,112595,TRI002,TRIUMPH,FTW,BONNEVILLE,T100,713450,865,2,P,,TW,ALL,ALL,,,,,Admin,2018-09-08 21:54:30.560,,
681,112596,TRI003,TRIUMPH,FTW,THURXTON,A2,734500,865,2,P,,TW,ALL,ALL,,,,,Admin,2018-09-08 21:54:30.560,,
682,112597,TRI004,TRIUMPH,FTW,STREET TRIPLE,ABS A2,774550,675,2,P,,TW,ALL,ALL,,,,,Admin,2018-09-08 21:54:30.560,,
683,112598,TRI005,TRIUMPH,FTW,SPEED TRIPLE,ABS A1,1172870,1050,2,P,,TW,ALL,ALL,,,,,Admin,2018-09-08 21:54:30.560,,
684,112599,TRI006,TRIUMPH,FTW,DAYTONA,R ABS,1239590,675,2,P,,TW,ALL,ALL,,,,,Admin,2018-09-08 21:54:30.560,,
685,112600,TRI007,TRIUMPH,FTW,TIGER,EXPLORER ABS 1A,1232740,799,2,P,,TW,ALL,ALL,,,,,Admin,2018-09-08 21:54:30.560,,
686,112601,TRI008,TRIUMPH,FTW,TIGER,EXPLORER XC ABS SPOKE,1833500,1215,2,P,,TW,ALL,ALL,,,,,Admin,2018-09-08 21:54:30.560,,
687,112602,TRI009,TRIUMPH,FTW,THUDERBIRD,STORM,1423240,1699,2,P,,TW,ALL,ALL,,,,,Admin,2018-09-08 21:54:30.560,,
688,112603,TRI010,TRIUMPH,FTW,ROCKET,ROADSTER ABS A2 III,2170860,2294,2,P,,TW,ALL,ALL,,,,,Admin,2018-09-08 21:54:30.563,,
689,112604,TVS160,TVS,FTW,JUPITER,CLASSIC EDITION,59170,110,2,P,,TW,ALL,ALL,,,,,Admin,2018-09-08 21:54:30.563,,
690,112605,TVS161,TVS,FTW,APACHE,200 4V PIRELLI,103125,200,2,P,,TW,ALL,ALL,,,,,Admin,2018-09-08 21:54:30.563,,
691,112606,TVS136,TVS,FTW,XL,100,30748,100,2,P,,TW,ALL,ALL,,,,,Admin,2018-09-08 21:54:30.563,,
692,112607,TVS147,TVS,FTW,SCOOTY,ZEST LE,42106,110,2,P,,TW,ALL,ALL,,,,,Admin,2018-09-08 21:54:30.563,,
693,112608,TVS148,TVS,FTW,APACHE,RTR 200,80227,200,2,P,,TW,ALL,ALL,,,,,Admin,2018-09-08 21:54:30.563,,
694,112609,TVS001,TVS,FTW,FLAME,ES 125 CC DRUM,45000,125,2,P,,TW,ALL,ALL,,,,,Admin,2018-09-08 21:54:30.563,,
695,112610,TVS001,TVS,FTW,FLAME,KS 125 CC DRUM,43000,125,2,P,,TW,ALL,ALL,,,,,Admin,2018-09-08 21:54:30.563,,
696,112611,TVS001,TVS,FTW,STAR,STD,36333,100,2,P,,TW,ALL,ALL,,,,,Admin,2018-09-08 21:54:30.563,,
697,112612,TVS001,TVS,FTW,STAR,SPORT CVTi,47220,100,2,P,,TW,ALL,ALL,,,,,Admin,2018-09-08 21:54:30.567,,
698,112613,TVS001,TVS,FTW,APACHE,RTR Efi,65880,160,2,P,,TW,ALL,ALL,,,,,Admin,2018-09-08 21:54:30.567,,
699,112614,TVS001,TVS,FTW,APACHE,150,60000,148,2,P,,TW,ALL,ALL,,,,,Admin,2018-09-08 21:54:30.567,,
700,112615,TVS001,TVS,FTW,APACHE,160 CC,64796,160,2,P,,TW,ALL,ALL,,,,,Admin,2018-09-08 21:54:30.567,,
701,112616,TVS001,TVS,FTW,FLAME,STD,42364,125,2,P,,TW,ALL,ALL,,,,,Admin,2018-09-08 21:54:30.567,,
702,112617,TVS001,TVS,FTW,STARCITY,STAR,41780,100,2,P,,TW,ALL,ALL,,,,,Admin,2018-09-08 21:54:30.567,,
703,112618,TVS001,TVS,FTW,STARCITY,MAG ES,44315,110,2,P,,TW,ALL,ALL,,,,,Admin,2018-09-08 21:54:30.567,,
704,112619,TVS001,TVS,FTW,SPORT,CVTI STD,34840,110,2,P,,TW,ALL,ALL,,,,,Admin,2018-09-08 21:54:30.567,,
705,112620,TVS001,TVS,FTW,SCOOTY,PEP PLUS FASHION,43003,90,2,P,,TW,ALL,ALL,,,,,Admin,2018-09-08 21:54:30.567,,
706,112621,TVS001,TVS,FTW,SCOOTY,PEP PLUS ME,42290,90,2,P,,TW,ALL,ALL,,,,,Admin,2018-09-08 21:54:30.570,,
707,112622,TVS001,TVS,FTW,SCOOTY,PEP PLUS WIMBELDON,36070,90,2,P,,TW,ALL,ALL,,,,,Admin,2018-09-08 21:54:30.570,,
708,112623,TVS001,TVS,FTW,FLAME,ES 125 CC DISC,47680,125,2,P,,TW,ALL,ALL,,,,,Admin,2018-09-08 21:54:30.570,,
709,112624,TVS152,TVS,FTW,VICTOR,SELF,53625,110,2,P,,TW,ALL,ALL,,,,,Admin,2018-09-08 21:54:30.570,,
710,112625,TVS001,TVS,FTW,APACHE,RTR 160 R.D,71055,160,2,P,,TW,ALL,ALL,,,,,Admin,2018-09-08 21:54:30.570,,
711,112626,TVS001,TVS,FTW,APACHE,RTR 180 R.D,81100,180,2,P,,TW,ALL,ALL,,,,,Admin,2018-09-08 21:54:30.570,,
712,112627,TVS001,TVS,FTW,STREAK,AP RED,41000,90,2,P,,TW,ALL,ALL,,,,,Admin,2018-09-08 21:54:30.570,,
713,112628,TVS001,TVS,FTW,SUZUKI,STD,33500,148,2,P,,TW,ALL,ALL,,,,,Admin,2018-09-08 21:54:30.570,,
714,112629,TVS001,TVS,FTW,FLAME,DS,49120,125,2,P,,TW,ALL,ALL,,,,,Admin,2018-09-08 21:54:30.570,,
715,112630,TVS137,TVS,FTW,STARCITY,PLUS GOLD SPL ED,51705,110,2,P,,TW,ALL,ALL,,,,,Admin,2018-09-08 21:54:30.570,,
716,112631,TVS138,TVS,FTW,SPORT,CVTI ES,47220,100,2,P,,TW,ALL,ALL,,,,,Admin,2018-09-08 21:54:30.573,,
717,112632,TVS153,TVS,FTW,SPORT,ES MAG,40025,100,2,P,,TW,ALL,ALL,,,,,Admin,2018-09-08 21:54:30.573,,
718,112633,TVS149,TVS,FTW,STAR,SPORT ES,47341,100,2,P,,TW,ALL,ALL,,,,,Admin,2018-09-08 21:54:30.573,,
719,112634,TVS143,TVS,FTW,VICTOR,DRUM,49490,110,2,P,,TW,ALL,ALL,,,,,Admin,2018-09-08 21:54:30.573,,
720,112635,TVS144,TVS,FTW,VICTOR,DISC,51490,110,2,P,,TW,ALL,ALL,,,,,Admin,2018-09-08 21:54:30.573,,
721,112636,TVS141,TVS,FTW,WEGO,V4,46415,110,2,P,,TW,ALL,ALL,,,,,Admin,2018-09-08 21:54:30.573,,
722,112637,TVS151,TVS,FTW,JUPITER,DISC M.EDITION,57795,110,2,P,,TW,ALL,ALL,,,,,Admin,2018-09-08 21:54:30.577,,
723,112638,TVS150,TVS,FTW,VICTOR,ES,51990,110,2,P,,TW,ALL,ALL,,,,,Admin,2018-09-08 21:54:30.577,,
724,112639,TVS132,TVS,FTW,XL,HD,33509,70,2,P,,TW,ALL,ALL,,,,,Admin,2018-09-08 21:54:30.577,,
725,112640,TVS123,TVS,FTW,SCOOTY,ZEST,51205,110,2,P,,TW,ALL,ALL,,,,,Admin,2018-09-08 21:54:30.577,,
726,112641,TVS001,TVS,FTW,MAX,100,39000,98,2,P,,TW,ALL,ALL,,,,,Admin,2018-09-08 21:54:30.577,,
727,112642,TVS001,TVS,FTW,STARCITY,PLUSE ES MAG,44300,110,2,P,,TW,ALL,ALL,,,,,Admin,2018-09-08 21:54:30.577,,
728,112643,TVS003,TVS,FTW,STARCITY,SPOKE ES,42130,110,2,P,,TW,ALL,ALL,,,,,Admin,2018-09-08 21:54:30.577,,
729,112644,TVS101,TVS,FTW,STARCITY,ES,44985,110,2,P,,TW,ALL,ALL,,,,,Admin,2018-09-08 21:54:30.577,,
730,112645,TVS085,TVS,FTW,JIVE,STD,47085,110,2,P,,TW,ALL,ALL,,,,,Admin,2018-09-08 21:54:30.580,,
731,112646,TVS102,TVS,FTW,APACHE,RTR 160 S.D,71300,160,2,P,,TW,ALL,ALL,,,,,Admin,2018-09-08 21:54:30.580,,
732,112647,TVS049,TVS,FTW,APACHE,180 CC,73965,180,2,P,,TW,ALL,ALL,,,,,Admin,2018-09-08 21:54:30.580,,
733,112648,TVS096,TVS,FTW,APACHE,RTR 180 ABS,85855,180,2,P,,TW,ALL,ALL,,,,,Admin,2018-09-08 21:54:30.580,,
734,112649,TVS087,TVS,FTW,WEGO,STD,47827,110,2,P,,TW,ALL,ALL,,,,,Admin,2018-09-08 21:54:30.580,,
735,112650,TVS045,TVS,FTW,SCOOTY,TEENZ,32500,90,2,P,,TW,ALL,ALL,,,,,Admin,2018-09-08 21:54:30.580,,
736,112651,TVS013,TVS,FTW,SCOOTY,PEP PLUS,41100,90,2,P,,TW,ALL,ALL,,,,,Admin,2018-09-08 21:54:30.580,,
737,112652,TVS104,TVS,FTW,SCOOTY,PEP PLUS BABLICIOUS,43700,90,2,P,,TW,ALL,ALL,,,,,Admin,2018-09-08 21:54:30.580,,
738,112653,TVS126,TVS,FTW,JUPITER,MATT BEIGE,43836,110,2,P,,TW,ALL,ALL,,,,,Admin,2018-09-08 21:54:30.580,,
739,112654,TVS127,TVS,FTW,JUPITER,VALCANO,43480,110,2,P,,TW,ALL,ALL,,,,,Admin,2018-09-08 21:54:30.580,,
740,112655,TVS128,TVS,FTW,WEGO,V3,44868,110,2,P,,TW,ALL,ALL,,,,,Admin,2018-09-08 21:54:30.583,,
741,112656,TVS019,TVS,FTW,XLSUPER,HD,28096,69,2,P,,TW,ALL,ALL,,,,,Admin,2018-09-08 21:54:30.583,,
742,112657,TVS001,TVS,FTW,STARCITY,SPORT,37825,100,2,P,,TW,ALL,ALL,,,,,Admin,2018-09-08 21:54:30.583,,
743,112658,TVS001,TVS,FTW,FIERO,F2 DISC,41640,147,2,P,,TW,ALL,ALL,,,,,Admin,2018-09-08 21:54:30.583,,
744,112659,TVS001,TVS,FTW,FIERO,F2 DRUM,41018,147,2,P,,TW,ALL,ALL,,,,,Admin,2018-09-08 21:54:30.583,,
745,112660,TVS001,TVS,FTW,SPORT,CVTI,43822,110,2,P,,TW,ALL,ALL,,,,,Admin,2018-09-08 21:54:30.583,,
746,112661,TVS001,TVS,FTW,MAX,4R,41445,110,2,P,,TW,ALL,ALL,,,,,Admin,2018-09-08 21:54:30.583,,
747,112662,TVS001,TVS,FTW,STAR,SPORT,44981,100,2,P,,TW,ALL,ALL,,,,,Admin,2018-09-08 21:54:30.583,,
748,112663,TVS131,TVS,FTW,JUPITER,LE,55435,110,2,P,,TW,ALL,ALL,,,,,Admin,2018-09-08 21:54:30.583,,
749,112664,TVS129,TVS,FTW,JUPITER,STALLION,48864,110,2,P,,TW,ALL,ALL,,,,,Admin,2018-09-08 21:54:30.587,,
750,112665,TVS130,TVS,FTW,WEGO,V3 DUAL,47357,110,2,P,,TW,ALL,ALL,,,,,Admin,2018-09-08 21:54:30.587,,
751,112666,TVS107,TVS,FTW,PHOENIX,125 DRUM BRAKE,54925,125,2,P,,TW,ALL,ALL,,,,,Admin,2018-09-08 21:54:30.587,,
752,112667,TVS108,TVS,FTW,PHOENIX,125 DISC BRAKE,57045,125,2,P,,TW,ALL,ALL,,,,,Admin,2018-09-08 21:54:30.587,,
753,112668,TVS109,TVS,FTW,SCOOTY,PEP PLUS REFRESH,42636,90,2,P,,TW,ALL,ALL,,,,,Admin,2018-09-08 21:54:30.587,,
754,112669,TVS110,TVS,FTW,STREAK,REFRESH,44633,90,2,P,,TW,ALL,ALL,,,,,Admin,2018-09-08 21:54:30.587,,
755,112670,TVS111,TVS,FTW,SPORT,KS,39925,100,2,P,,TW,ALL,ALL,,,,,Admin,2018-09-08 21:54:30.587,,
756,112671,TVS121,TVS,FTW,WEGO,REFRESH,48987,110,2,P,,TW,ALL,ALL,,,,,Admin,2018-09-08 21:54:30.587,,
757,112672,TVS125,TVS,FTW,STARCITY,PLUSE ES,50205,110,2,P,,TW,ALL,ALL,,,,,Admin,2018-09-08 21:54:30.590,,
758,112673,TVS122,TVS,FTW,STARCITY,PLUSE 110 KS,36991,110,2,P,,TW,ALL,ALL,,,,,Admin,2018-09-08 21:54:30.590,,
759,112674,TVS001,TVS,FTW,JIVE,MAG ES,48026,110,2,P,,TW,ALL,ALL,,,,,Admin,2018-09-08 21:54:30.590,,
760,112675,TVS120,TVS,FTW,STARCITY,PLUS,49000,110,2,P,,TW,ALL,ALL,,,,,Admin,2018-09-08 21:54:30.590,,
761,112676,TVS119,TVS,FTW,SAMURAI,STD,42500,100,2,P,,TW,ALL,ALL,,,,,Admin,2018-09-08 21:54:30.590,,
762,112677,TVS001,TVS,FTW,FIERO,FX DISC,39626,147,2,P,,TW,ALL,ALL,,,,,Admin,2018-09-08 21:54:30.590,,
763,112678,TVS001,TVS,FTW,FIERO,FX DRUM,38449,147,2,P,,TW,ALL,ALL,,,,,Admin,2018-09-08 21:54:30.590,,
764,112679,TVS001,TVS,FTW,CENTRA,STD,36334,100,2,P,,TW,ALL,ALL,,,,,Admin,2018-09-08 21:54:30.590,,
765,112680,TVS001,TVS,FTW,SCOOTY,ES,31048,87,2,P,,TW,ALL,ALL,,,,,Admin,2018-09-08 21:54:30.590,,
766,112681,TVS001,TVS,FTW,SCOOTY,PEP,38131,87,2,P,,TW,ALL,ALL,,,,,Admin,2018-09-08 21:54:30.590,,
767,112682,TVS001,TVS,FTW,STARCITY,STD,41780,110,2,P,,TW,ALL,ALL,,,,,Admin,2018-09-08 21:54:30.593,,
768,112683,TVS001,TVS,FTW,STARCITY,ALLOY,42575,100,2,P,,TW,ALL,ALL,,,,,Admin,2018-09-08 21:54:30.593,,
769,112684,TVS001,TVS,FTW,VICTOR,GX,37000,110,2,P,,TW,ALL,ALL,,,,,Admin,2018-09-08 21:54:30.593,,
770,112685,TVS001,TVS,FTW,XLSUPER,STD,25300,69,2,P,,TW,ALL,ALL,,,,,Admin,2018-09-08 21:54:30.593,,
771,112686,TVS001,TVS,FTW,STARCITY,SPOKE,41780,110,2,P,,TW,ALL,ALL,,,,,Admin,2018-09-08 21:54:30.593,,
772,112687,TVS001,TVS,FTW,STARCITY,MAG,45798,110,2,P,,TW,ALL,ALL,,,,,Admin,2018-09-08 21:54:30.593,,
773,112688,TVS001,TVS,FTW,STARCITY,SPOKE REF,41780,110,2,P,,TW,ALL,ALL,,,,,Admin,2018-09-08 21:54:30.593,,
774,112689,TVS106,TVS,FTW,PHOENIX,125,60483,125,2,P,,TW,ALL,ALL,,,,,Admin,2018-09-08 21:54:30.593,,
775,112690,TVS001,TVS,FTW,STARCITY,MAG REF,45798,110,2,P,,TW,ALL,ALL,,,,,Admin,2018-09-08 21:54:30.593,,
776,112691,TVS001,TVS,FTW,STARCITY,SPOKE REF ES,41780,110,2,P,,TW,ALL,ALL,,,,,Admin,2018-09-08 21:54:30.597,,
777,112692,TVS001,TVS,FTW,STARCITY,MAG REF ES,42575,110,2,P,,TW,ALL,ALL,,,,,Admin,2018-09-08 21:54:30.597,,
778,112693,TVS001,TVS,FTW,FLAME,SR 125 ES DISC,49120,125,2,P,,TW,ALL,ALL,,,,,Admin,2018-09-08 21:54:30.597,,
779,112694,TVS001,TVS,FTW,APACHE,RTR 160 CC,67116,160,2,P,,TW,ALL,ALL,,,,,Admin,2018-09-08 21:54:30.597,,
780,112695,TVS001,TVS,FTW,APACHE,RTR 160 CC YELLOW,65832,160,2,P,,TW,ALL,ALL,,,,,Admin,2018-09-08 21:54:30.597,,
781,112696,TVS001,TVS,FTW,APACHE,RTR 160 CC R.R YELLOW,66866,160,2,P,,TW,ALL,ALL,,,,,Admin,2018-09-08 21:54:30.597,,
782,112697,TVS001,TVS,FTW,APACHE,RTR 160 CC FI,69141,160,2,P,,TW,ALL,ALL,,,,,Admin,2018-09-08 21:54:30.597,,
783,112698,TVS001,TVS,FTW,APACHE,RTR 180 CC,74141,180,2,P,,TW,ALL,ALL,,,,,Admin,2018-09-08 21:54:30.597,,
784,112699,TVS001,TVS,FTW,SCOOTY,TEENZ,31048,90,2,P,,TW,ALL,ALL,,,,,Admin,2018-09-08 21:54:30.600,,
785,112700,TVS001,TVS,FTW,STREAK,BASE,36860,90,2,P,,TW,ALL,ALL,,,,,Admin,2018-09-08 21:54:30.600,,
786,112701,TVS001,TVS,FTW,STREAK,FASHION,37360,90,2,P,,TW,ALL,ALL,,,,,Admin,2018-09-08 21:54:30.600,,
787,112702,TVS001,TVS,FTW,VICTOR,GLX,35059,125,2,P,,TW,ALL,ALL,,,,,Admin,2018-09-08 21:54:30.600,,
788,112703,TVS001,TVS,FTW,JIVE,110 ES,44945,110,2,P,,TW,ALL,ALL,,,,,Admin,2018-09-08 21:54:30.600,,
789,112704,TVS112,TVS,FTW,WEGO,DRUM,50460,110,2,P,,TW,ALL,ALL,,,,,Admin,2018-09-08 21:54:30.600,,
790,112705,TVS113,TVS,FTW,WEGO,BASIC,52146,110,2,P,,TW,ALL,ALL,,,,,Admin,2018-09-08 21:54:30.600,,
791,112706,TVS114,TVS,FTW,WEGO,DISC,55600,110,2,P,,TW,ALL,ALL,,,,,Admin,2018-09-08 21:54:30.600,,
792,112707,TVS001,TVS,FTW,SPORT,STD 100 C,39000,98,2,P,,TW,ALL,ALL,,,,,Admin,2018-09-08 21:54:30.600,,
793,112708,TVS157,TVS,FTW,JUPITER,BSIV,44148,110,2,P,,TW,ALL,ALL,,,,,Admin,2018-09-08 21:54:30.600,,
794,112709,TVS159,TVS,FTW,STARCITY,PLUS BSIV,43674,110,2,P,,TW,ALL,ALL,,,,,Admin,2018-09-08 21:54:30.600,,
795,112710,TVS155,TVS,FTW,JUPITER,ZX BSIV DISC,49857,110,2,P,,TW,ALL,ALL,,,,,Admin,2018-09-08 21:54:30.603,,
796,112711,TVS117,TVS,FTW,JUPITER,STD,60299,110,2,P,,TW,ALL,ALL,,,,,Admin,2018-09-08 21:54:30.603,,
797,112712,TVS142,TVS,FTW,JUPITER,ZX,62300,110,2,P,,TW,ALL,ALL,,,,,Admin,2018-09-08 21:54:30.603,,
798,112713,TVS156,TVS,FTW,JUPITER,MILLION R,65300,110,2,P,,TW,ALL,ALL,,,,,Admin,2018-09-08 21:54:30.603,,
799,112714,TVS158,TVS,FTW,XL,100 BSIV,28120,100,2,P,,TW,ALL,ALL,,,,,Admin,2018-09-08 21:54:30.603,,
800,112715,TVS001,TVS,FTW,SPORT,ES,41266,100,2,P,,TW,ALL,ALL,,,,,Admin,2018-09-08 21:54:30.603,,
801,112716,TVS162,TVS,FTW,SCOOTY,ZEST MATTE EDI,51995,110,2,P,,TW,ALL,ALL,,,,,Admin,2018-09-08 21:54:30.603,,
802,112717,TVS163,TVS,FTW,NTORQ,125 DISC,58750,125,2,P,,TW,ALL,ALL,,,,,Admin,2018-09-08 21:54:30.603,,
803,112718,UMK001,UM BIKES,FTW,RENEGADE CLASSIC,STANDARD,169000,279,2,P,,TW,ALL,ALL,,,,,Admin,2018-09-08 21:54:30.607,,
804,112719,UMK002,UM BIKES,FTW,RENEGADE COMMANDO,STANDARD,180525,279,2,P,,TW,ALL,ALL,,,,,Admin,2018-09-08 21:54:30.607,,
805,112720,UMK003,UM BIKES,FTW,SPORT S,STANDARD,173602,279,2,P,,TW,ALL,ALL,,,,,Admin,2018-09-08 21:54:30.607,,
806,112721,VIV001,VIBGYOR,FTW,GALLOP,97,36520,91,2,P,,TW,ALL,ALL,,,,,Admin,2018-09-08 21:54:30.607,,
807,112722,VIV002,VIBGYOR,FTW,HUNTER,VV124,49822,125,2,P,,TW,ALL,ALL,,,,,Admin,2018-09-08 21:54:30.607,,
808,112723,VIV003,VIBGYOR,FTW,SHARK,VV142,56346,142,2,P,,TW,ALL,ALL,,,,,Admin,2018-09-08 21:54:30.607,,
809,112724,VIG001,VIBGYOR,FTW,HUNTER,W125,41600,125,2,P,,TW,ALL,ALL,,,,,Admin,2018-09-08 21:54:30.607,,
810,112725,YAM130,YAMAHA,FTW,FZ,25,106222,249,2,P,,TW,ALL,ALL,,,,,Admin,2018-09-08 21:54:30.607,,
811,112726,YAM118,YAMAHA,FTW,R15,S,99848,150,2,P,,TW,ALL,ALL,,,,,Admin,2018-09-08 21:54:30.607,,
812,112727,YAM024,YAMAHA,FTW,FAZER,LE,82000,153,2,P,,TW,ALL,ALL,,,,,Admin,2018-09-08 21:54:30.610,,
813,112728,YAM028,YAMAHA,FTW,FAZER,STD,84184,153,2,P,,TW,ALL,ALL,,,,,Admin,2018-09-08 21:54:30.610,,
814,112729,YAM102,YAMAHA,FTW,YBR(125),125,53770,125,2,P,,TW,ALL,ALL,,,,,Admin,2018-09-08 21:54:30.610,,
815,112730,YAM084,YAMAHA,FTW,SZ,X,59490,153,2,P,,TW,ALL,ALL,,,,,Admin,2018-09-08 21:54:30.610,,
816,112731,YAM089,YAMAHA,FTW,SZ,STD,59490,153,2,P,,TW,ALL,ALL,,,,,Admin,2018-09-08 21:54:30.610,,
817,112732,YAM085,YAMAHA,FTW,FZ,S,75290,153,2,P,,TW,ALL,ALL,,,,,Admin,2018-09-08 21:54:30.610,,
818,112733,YAM107,YAMAHA,FTW,GLADIATOR,SS BLUE,54666,123,2,P,,TW,ALL,ALL,,,,,Admin,2018-09-08 21:54:30.610,,
819,112734,YAM087,YAMAHA,FTW,SZ,16,75000,153,2,P,,TW,ALL,ALL,,,,,Admin,2018-09-08 21:54:30.610,,
820,112735,YAM101,YAMAHA,FTW,YZF-R15,STD,119466,149,2,P,,TW,ALL,ALL,,,,,Admin,2018-09-08 21:54:30.610,,
821,112736,YAM012,YAMAHA,FTW,CRUX,STD,40490,105,2,P,,TW,ALL,ALL,,,,,Admin,2018-09-08 21:54:30.610,,
822,112737,YAM103,YAMAHA,FTW,GLADIATOR,DX,46832,123,2,P,,TW,ALL,ALL,,,,,Admin,2018-09-08 21:54:30.613,,
823,112738,YAM036,YAMAHA,FTW,GLADIATOR,STD,42437,123,2,P,,TW,ALL,ALL,,,,,Admin,2018-09-08 21:54:30.613,,
824,112739,YAM040,YAMAHA,FTW,LIBERO,G5 A/W,45000,106,2,P,,TW,ALL,ALL,,,,,Admin,2018-09-08 21:54:30.613,,
825,112740,YAM041,YAMAHA,FTW,LIBERO,G5 S/W,45000,106,2,P,,TW,ALL,ALL,,,,,Admin,2018-09-08 21:54:30.613,,
826,112741,YAM095,YAMAHA,FTW,ALBA,A/W,33484,106,2,P,,TW,ALL,ALL,,,,,Admin,2018-09-08 21:54:30.613,,
827,112742,YAM096,YAMAHA,FTW,ALBA,S/W,30264,106,2,P,,TW,ALL,ALL,,,,,Admin,2018-09-08 21:54:30.613,,
828,112743,YAM090,YAMAHA,FTW,SS,125,57790,125,2,P,,TW,ALL,ALL,,,,,Admin,2018-09-08 21:54:30.613,,
829,112744,YAM108,YAMAHA,FTW,RAY,STD,47042,113,2,P,,TW,ALL,ALL,,,,,Admin,2018-09-08 21:54:30.613,,
830,112745,YAM099,YAMAHA,FTW,ALPHA,STD,50000,113,2,P,,TW,ALL,ALL,,,,,Admin,2018-09-08 21:54:30.617,,
831,112746,YAM092,YAMAHA,FTW,YBR,110,48490,110,2,P,,TW,ALL,ALL,,,,,Admin,2018-09-08 21:54:30.617,,
832,112747,YAM098,YAMAHA,FTW,ALBA,E/S,41499,106,2,P,,TW,ALL,ALL,,,,,Admin,2018-09-08 21:54:30.617,,
833,112748,YAM100,YAMAHA,FTW,ALBA,Spoke,39500,106,2,P,,TW,ALL,ALL,,,,,Admin,2018-09-08 21:54:30.617,,
834,112749,YAM091,YAMAHA,FTW,G5,E/S,43480,106,2,P,,TW,ALL,ALL,,,,,Admin,2018-09-08 21:54:30.617,,
835,112750,YAM088,YAMAHA,FTW,FZ,16,73000,153,2,P,,TW,ALL,ALL,,,,,Admin,2018-09-08 21:54:30.617,,
836,112751,YAM070,YAMAHA,FTW,SZ,S,60664,153,2,P,,TW,ALL,ALL,,,,,Admin,2018-09-08 21:54:30.617,,
837,112752,YAM071,YAMAHA,FTW,SZ,RR,71482,153,2,P,,TW,ALL,ALL,,,,,Admin,2018-09-08 21:54:30.617,,
838,112753,YAM116,YAMAHA,FTW,RAY,Z,48500,113,2,P,,TW,ALL,ALL,,,,,Admin,2018-09-08 21:54:30.620,,
839,112754,YAM086,YAMAHA,FTW,SZ,R,63000,153,2,P,,TW,ALL,ALL,,,,,Admin,2018-09-08 21:54:30.620,,
840,112755,YAM117,YAMAHA,FTW,R15,V2,108427,150,2,P,,TW,ALL,ALL,,,,,Admin,2018-09-08 21:54:30.620,,
841,112756,YAM002,YAMAHA,FTW,R15,STD,117600,150,2,P,,TW,ALL,ALL,,,,,Admin,2018-09-08 21:54:30.620,,
842,112757,YAM003,YAMAHA,FTW,FZ,S V2,79641,150,2,P,,TW,ALL,ALL,,,,,Admin,2018-09-08 21:54:30.620,,
843,112758,YAM004,YAMAHA,FTW,FZ,V2,77606,153,2,P,,TW,ALL,ALL,,,,,Admin,2018-09-08 21:54:30.620,,
844,112759,YAM005,YAMAHA,FTW,FZ,FI,73000,149,2,P,,TW,ALL,ALL,,,,,Admin,2018-09-08 21:54:30.620,,
845,112760,YAM006,YAMAHA,FTW,FZ,S FI,78000,153,2,P,,TW,ALL,ALL,,,,,Admin,2018-09-08 21:54:30.620,,
846,112761,YAM007,YAMAHA,FTW,FZ,RG,77606,149,2,P,,TW,ALL,ALL,,,,,Admin,2018-09-08 21:54:30.620,,
847,112762,YAM008,YAMAHA,FTW,FZ,S RG,79641,149,2,P,,TW,ALL,ALL,,,,,Admin,2018-09-08 21:54:30.620,,
848,112763,YAM009,YAMAHA,FTW,FAZER,FI,77333,149,2,P,,TW,ALL,ALL,,,,,Admin,2018-09-08 21:54:30.620,,
849,112764,YAM115,YAMAHA,FTW,FAZER,FI V2.0,91310,149,2,P,,TW,ALL,ALL,,,,,Admin,2018-09-08 21:54:30.623,,
850,112765,YAM010,YAMAHA,FTW,FAZER,V2,74534,153,2,P,,TW,ALL,ALL,,,,,Admin,2018-09-08 21:54:30.623,,
851,112766,YAM011,YAMAHA,FTW,SZ,RR V2,71482,149,2,P,,TW,ALL,ALL,,,,,Admin,2018-09-08 21:54:30.623,,
852,112767,YAM068,YAMAHA,FTW,FAZER,RG,77085,149,2,P,,TW,ALL,ALL,,,,,Admin,2018-09-08 21:54:30.623,,
853,112768,YAM104,YAMAHA,FTW,FASCINO,STD,50576,113,2,P,,TW,ALL,ALL,,,,,Admin,2018-09-08 21:54:30.623,,
854,112769,YAM105,YAMAHA,FTW,SALUTO,STD,55000,125,2,P,,TW,ALL,ALL,,,,,Admin,2018-09-08 21:54:30.623,,
855,112770,YAM109,YAMAHA,FTW,YZF,R3,323000,312,2,P,,TW,ALL,ALL,,,,,Admin,2018-09-08 21:54:30.627,,
856,112771,YAM111,YAMAHA,FTW,FAZER,DLX,46832,123,2,P,,TW,ALL,ALL,,,,,Admin,2018-09-08 21:54:30.627,,
857,112772,YAM112,YAMAHA,FTW,FZ,FI V2.0,80096,149,2,P,,TW,ALL,ALL,,,,,Admin,2018-09-08 21:54:30.627,,
858,112773,YAM113,YAMAHA,FTW,GLADIATOR,GRAFFITI,53000,124,2,P,,TW,ALL,ALL,,,,,Admin,2018-09-08 21:54:30.627,,
859,112774,YAM122,YAMAHA,FTW,ALPHA,CYGNUS BSIII,48936,113,2,P,,TW,ALL,ALL,,,,,Admin,2018-09-08 21:54:30.627,,
860,112775,YAM120,YAMAHA,FTW,RAY,CYGNUS ZR,55300,113,2,P,,TW,ALL,ALL,,,,,Admin,2018-09-08 21:54:30.627,,
861,112776,YAM121,YAMAHA,FTW,SALUTO,RX,48180,110,2,P,,TW,ALL,ALL,,,,,Admin,2018-09-08 21:54:30.627,,
862,112777,YAM123,YAMAHA,FTW,ALPHA,SCPL,53794,110,2,P,,TW,ALL,ALL,,,,,Admin,2018-09-08 21:54:30.627,,
863,112778,YAM124,YAMAHA,FTW,ALPHA,NEW,52663,110,2,P,,TW,ALL,ALL,,,,,Admin,2018-09-08 21:54:30.630,,
864,112779,YAM125,YAMAHA,FTW,SALUTO,DISC,57785,110,2,P,,TW,ALL,ALL,,,,,Admin,2018-09-08 21:54:30.630,,
865,112780,YAM126,YAMAHA,FTW,R15,V3,118397,155,2,P,,TW,ALL,ALL,,,,,Admin,2018-09-08 21:54:30.630,,
866,112781,YAM127,YAMAHA,FTW,RAY,ZR DRUM,54556,113,2,P,,TW,ALL,ALL,,,,,Admin,2018-09-08 21:54:30.630,,
867,112782,YAM128,YAMAHA,FTW,RAY,ZR DISC,57125,113,2,P,,TW,ALL,ALL,,,,,Admin,2018-09-08 21:54:30.630,,
868,112783,YAM131,YAMAHA,FTW,FAZER,25,128335,249,2,P,,TW,ALL,ALL,,,,,Admin,2018-09-08 21:54:30.630,,
869,112784,HON477,HONDA MOTORS,FTW,ACTIVA,5G,53000,110,2,P,,HONDA,ALL,ALL,,,,,Admin,2018-09-08 21:54:30.630,,
870,112785,TVS164,TVS,FTW,APACHE,RTR 200 ABS,93685,197,2,P,,TW,ALL,ALL,,,,,Admin,2018-09-08 21:54:30.630,,
871,112786,HER342,HERO MOTOR CORP,FTW,PASSIONPRO,DRUM SELF CAST,53460,110,2,P,,TW,ALL,ALL,,,,,Admin,2018-09-08 21:54:30.630,,
872,112787,HON478,HONDA MOTORS,FTW,X BLADE,STD,77959,162,2,P,,HONDA,ALL,ALL,,,,,Admin,2018-09-08 21:54:30.630,,
873,112788,HER343,HERO MOTOR CORP,FTW,SPLENDOR,I3S BSIV DRUM,56644,125,2,P,,TW,ALL,ALL,,,,,Admin,2018-09-08 21:54:30.630,,
874,112789,HER344,HERO MOTOR CORP,FTW,PASSION,PRO DRS,53710,110,2,P,,TW,ALL,ALL,,,,,Admin,2018-09-08 21:54:30.633,,
875,112790,HER345,HERO MOTOR CORP,FTW,DUET,VX DRS BSIV,48900,110,2,P,,TW,ALL,ALL,,,,,Admin,2018-09-08 21:54:30.633,,
876,112791,TVS165,TVS,FTW,APACHE,RTR 160 4V,84000,160,2,P,,TW,ALL,ALL,,,,,Admin,2018-09-08 21:54:30.633,,
